class_id,pt0_x,pt0_y,pt1_x,pt1_y,pt2_x,pt2_y,pt3_x,pt3_y,pt4_x,pt4_y,pt5_x,pt5_y,pt6_x,pt6_y,pt7_x,pt7_y,pt8_x,pt8_y,pt9_x,pt9_y,pt10_x,pt10_y,pt11_x,pt11_y,pt12_x,pt12_y,pt13_x,pt13_y,pt14_x,pt14_y,pt15_x,pt15_y,pt16_x,pt16_y,pt17_x,pt17_y,pt18_x,pt18_y,pt19_x,pt19_y,pt20_x,pt20_y
1,0.0,0.0,0.031339675188064575,-0.0568850040435791,0.07403796911239624,-0.10502403974533081,0.10089793801307678,-0.14382869005203247,0.12263110280036926,-0.1807001531124115,0.04517748951911926,-0.057778894901275635,0.10217112302780151,-0.017941832542419434,0.140681654214859,0.003315865993499756,0.17289042472839355,0.02154076099395752,0.030041366815567017,-0.0007013082504272461,0.10420113801956177,0.03666186332702637,0.1518802046775818,0.0598829984664917,0.1895574927330017,0.07818526029586792,0.024901151657104492,0.046509742736816406,0.094379723072052,0.07644432783126831,0.1381930708885193,0.09677422046661377,0.1724783182144165,0.10944509506225586,0.02817434072494507,0.0830913782119751,0.08270317316055298,0.10598355531692505,0.11625263094902039,0.12000054121017456,0.1442931592464447,0.12789499759674072
1,0.0,0.0,0.03081241250038147,-0.058087706565856934,0.07359975576400757,-0.10674399137496948,0.10076206922531128,-0.14489701390266418,0.12285640835762024,-0.18267834186553955,0.04628381133079529,-0.05486088991165161,0.10479706525802612,-0.016259491443634033,0.14343085885047913,0.005608856678009033,0.1753166913986206,0.024462997913360596,0.03290298581123352,0.002705693244934082,0.10556727647781372,0.03961986303329468,0.15321749448776245,0.06266015768051147,0.1904427707195282,0.0802653431892395,0.02875274419784546,0.04900473356246948,0.09596326947212219,0.0785142183303833,0.14053192734718323,0.09818696975708008,0.17521008849143982,0.11074560880661011,0.032992273569107056,0.08326023817062378,0.08670458197593689,0.10566359758377075,0.11968958377838135,0.11922580003738403,0.1464749574661255,0.1276119351387024
1,0.0,0.0,0.030346035957336426,-0.06069469451904297,0.0724053680896759,-0.10984045267105103,0.0992313027381897,-0.14801913499832153,0.12089499831199646,-0.18561959266662598,0.04614958167076111,-0.055982768535614014,0.10268640518188477,-0.01592773199081421,0.1412399411201477,0.0042231082916259766,0.173262357711792,0.022103965282440186,0.03240227699279785,0.002289712429046631,0.10508477687835693,0.03907960653305054,0.15351340174674988,0.060270845890045166,0.19154271483421326,0.07698345184326172,0.027647465467453003,0.04857379198074341,0.09678521752357483,0.07793492078781128,0.14101764559745789,0.09654921293258667,0.17511534690856934,0.10886162519454956,0.030883044004440308,0.08247965574264526,0.08414635062217712,0.10492593050003052,0.11699014902114868,0.11837071180343628,0.1437334418296814,0.1277247667312622
1,0.0,0.0,0.03144693374633789,-0.05895715951919556,0.07360008358955383,-0.10801279544830322,0.10096251964569092,-0.14621856808662415,0.12323352694511414,-0.1815776824951172,0.047816842794418335,-0.05681276321411133,0.10701444745063782,-0.01684361696243286,0.1461661458015442,0.0048296451568603516,0.17779427766799927,0.02367377281188965,0.03448149561882019,0.0010683536529541016,0.10989364981651306,0.038118600845336914,0.15742522478103638,0.06084173917770386,0.1937803030014038,0.07880902290344238,0.03026515245437622,0.04778337478637695,0.10091835260391235,0.07739430665969849,0.14522701501846313,0.09610122442245483,0.17907044291496277,0.10864132642745972,0.03402411937713623,0.08196401596069336,0.08898258209228516,0.10469883680343628,0.12183654308319092,0.11825007200241089,0.1482086181640625,0.1263434886932373
1,0.0,0.0,0.029892832040786743,-0.0610085129737854,0.07163944840431213,-0.10943031311035156,0.09852403402328491,-0.14722126722335815,0.12039247155189514,-0.18466830253601074,0.044924795627593994,-0.056064486503601074,0.10227760672569275,-0.01634293794631958,0.14160841703414917,0.0036329030990600586,0.1742677390575409,0.021718382835388184,0.03109094500541687,0.0011994242668151855,0.10602325201034546,0.03891223669052124,0.15577006340026855,0.060196876525878906,0.19482630491256714,0.0770689845085144,0.026622682809829712,0.046856701374053955,0.09741228818893433,0.07752305269241333,0.14267796277999878,0.09594899415969849,0.17759832739830017,0.10768282413482666,0.030069947242736816,0.08051508665084839,0.0844343900680542,0.10396432876586914,0.11812245845794678,0.11700177192687988,0.1450425386428833,0.12458395957946777
1,0.0,0.0,0.03112208843231201,-0.0618860125541687,0.07445523142814636,-0.11048251390457153,0.10316318273544312,-0.1469506025314331,0.1267622709274292,-0.18296045064926147,0.046871185302734375,-0.056728482246398926,0.10761100053787231,-0.01648050546646118,0.14757275581359863,0.005989134311676025,0.1795521378517151,0.025272250175476074,0.03440004587173462,0.001465141773223877,0.1106056272983551,0.03893536329269409,0.159096360206604,0.06236225366592407,0.19574719667434692,0.08014458417892456,0.031086325645446777,0.04804587364196777,0.10162368416786194,0.07743024826049805,0.14629673957824707,0.09608536958694458,0.18031910061836243,0.10802477598190308,0.03579986095428467,0.08262228965759277,0.09126108884811401,0.10498160123825073,0.12489426136016846,0.11800134181976318,0.15163826942443848,0.12557703256607056
1,0.0,0.0,0.03143507242202759,-0.05970484018325806,0.07399645447731018,-0.10469871759414673,0.10248473286628723,-0.14087119698524475,0.12523746490478516,-0.17675569653511047,0.04658627510070801,-0.055867791175842285,0.10555589199066162,-0.01351940631866455,0.14459985494613647,0.007981538772583008,0.17595678567886353,0.025605618953704834,0.0326901376247406,0.002468883991241455,0.10975149273872375,0.04105430841445923,0.15733793377876282,0.0634530782699585,0.19289273023605347,0.08080005645751953,0.028467178344726562,0.04961264133453369,0.10015112161636353,0.07896476984024048,0.1448209285736084,0.0961308479309082,0.1784237027168274,0.10725289583206177,0.03230994939804077,0.08431881666183472,0.08844971656799316,0.10622602701187134,0.12225258350372314,0.11791938543319702,0.14890947937965393,0.12425082921981812
1,0.0,0.0,0.03222993016242981,-0.06194823980331421,0.07817381620407104,-0.10515367984771729,0.11038529872894287,-0.13915324211120605,0.1326800286769867,-0.17446258664131165,0.055242300033569336,-0.04571253061294556,0.1183684766292572,0.000544428825378418,0.1584424376487732,0.022937297821044922,0.18968722224235535,0.03982287645339966,0.04212269186973572,0.011428534984588623,0.12144383788108826,0.05338197946548462,0.16977304220199585,0.07485175132751465,0.20548084378242493,0.0918695330619812,0.03935366868972778,0.055723369121551514,0.1145368218421936,0.08935952186584473,0.1591259241104126,0.10866200923919678,0.19307956099510193,0.12277168035507202,0.04491543769836426,0.0862196683883667,0.10112839937210083,0.11253464221954346,0.13390174508094788,0.12779545783996582,0.16043159365653992,0.1374388337135315
1,0.0,0.0,0.036975592374801636,-0.06428545713424683,0.0829058289527893,-0.1029057502746582,0.11556115746498108,-0.13173925876617432,0.13664859533309937,-0.16358941793441772,0.05866774916648865,-0.040113210678100586,0.12017396092414856,0.00950157642364502,0.16068553924560547,0.035885512828826904,0.19257283210754395,0.054980576038360596,0.04472053050994873,0.014631211757659912,0.12311661243438721,0.061933279037475586,0.17364659905433655,0.0868988037109375,0.21165943145751953,0.10624533891677856,0.04136532545089722,0.05860096216201782,0.11670202016830444,0.09671831130981445,0.16367191076278687,0.11725950241088867,0.20015519857406616,0.13296079635620117,0.04679369926452637,0.08905833959579468,0.10441035032272339,0.11691147089004517,0.1375168263912201,0.13211584091186523,0.1650061011314392,0.1425764560699463
1,0.0,0.0,0.03406631946563721,-0.061158955097198486,0.07854735851287842,-0.10020440816879272,0.10971564054489136,-0.12902909517288208,0.12933209538459778,-0.1612374186515808,0.05758890509605408,-0.03599667549133301,0.1180720329284668,0.010968267917633057,0.15848657488822937,0.035423099994659424,0.19127872586250305,0.05381762981414795,0.04458415508270264,0.01815086603164673,0.12157371640205383,0.06276059150695801,0.171748548746109,0.08671677112579346,0.2102198302745819,0.10526442527770996,0.041227251291275024,0.060588538646698,0.11501958966255188,0.09866929054260254,0.16182395815849304,0.11872315406799316,0.19808998703956604,0.13250476121902466,0.045614033937454224,0.0902898907661438,0.10209605097770691,0.11924350261688232,0.13523980975151062,0.13411003351211548,0.16313844919204712,0.142896831035614
1,0.0,0.0,0.027273952960968018,-0.06149113178253174,0.06429019570350647,-0.10395801067352295,0.0903182327747345,-0.1340128779411316,0.11216601729393005,-0.16123050451278687,0.037744730710983276,-0.04285401105880737,0.09406426548957825,0.0076296329498291016,0.13404521346092224,0.030302226543426514,0.16630658507347107,0.04861539602279663,0.024416476488113403,0.012865960597991943,0.09820470213890076,0.06251496076583862,0.14679652452468872,0.08418929576873779,0.1825006604194641,0.10205602645874023,0.022649556398391724,0.053752899169921875,0.09283226728439331,0.0951850414276123,0.1378975808620453,0.11422443389892578,0.17186802625656128,0.12764239311218262,0.03007417917251587,0.08048564195632935,0.0827552080154419,0.11116212606430054,0.11600562930107117,0.12474650144577026,0.14272472262382507,0.1311703324317932
1,0.0,0.0,0.029943376779556274,-0.06376808881759644,0.0642964243888855,-0.10326564311981201,0.08840122818946838,-0.13094276189804077,0.10977157950401306,-0.15305179357528687,0.0362410843372345,-0.04012507200241089,0.08696672320365906,0.016792654991149902,0.12500402331352234,0.04237973690032959,0.15637895464897156,0.06131380796432495,0.021723240613937378,0.015261709690093994,0.08924511075019836,0.07150137424468994,0.13572484254837036,0.09486216306686401,0.17095452547073364,0.11251181364059448,0.020004302263259888,0.05760067701339722,0.08526843786239624,0.10359615087509155,0.12850746512413025,0.12509280443191528,0.16273072361946106,0.14060217142105103,0.028541386127471924,0.08647191524505615,0.07769706845283508,0.12024110555648804,0.11010876297950745,0.1371052861213684,0.1380450427532196,0.1463140845298767
1,0.0,0.0,0.032724425196647644,-0.06334912776947021,0.07165159285068512,-0.10040485858917236,0.09945182502269745,-0.12287068367004395,0.11650313436985016,-0.15097177028656006,0.03950898349285126,-0.025923967361450195,0.08725599944591522,0.02919977903366089,0.12381355464458466,0.05732804536819458,0.1538608819246292,0.0782662034034729,0.026534035801887512,0.029412567615509033,0.0922253280878067,0.08633095026016235,0.138349249958992,0.11096805334091187,0.1727241426706314,0.12824034690856934,0.02541433274745941,0.0710863471031189,0.08961854875087738,0.1179734468460083,0.13364745676517487,0.13855469226837158,0.16818057000637054,0.151905357837677,0.03404645621776581,0.09942829608917236,0.08042033016681671,0.1329854130744934,0.11385796964168549,0.14905822277069092,0.1423899084329605,0.1588883399963379
1,0.0,0.0,0.038340747356414795,-0.05831611156463623,0.08094066381454468,-0.11638283729553223,0.10184428095817566,-0.17552787065505981,0.11679315567016602,-0.2413095235824585,0.04947882890701294,-0.06430399417877197,0.0978023111820221,0.001565396785736084,0.14243707060813904,0.05093806982040405,0.18323814868927002,0.09633636474609375,0.02119949460029602,0.0007762908935546875,0.10182318091392517,0.0874432921409607,0.15953373908996582,0.14099276065826416,0.20764562487602234,0.1831355094909668,0.007159978151321411,0.05830872058868408,0.08845379948616028,0.12990838289260864,0.14726021885871887,0.17649859189987183,0.19230929017066956,0.21224993467330933,0.0017718076705932617,0.10219848155975342,0.06366139650344849,0.15916848182678223,0.105672687292099,0.1929532289505005,0.13943591713905334,0.2205604910850525
1,0.0,0.0,0.03860718011856079,-0.06493288278579712,0.08371049165725708,-0.1223611831665039,0.10566446185112,-0.18043124675750732,0.12489476799964905,-0.24139252305030823,0.053180158138275146,-0.04979145526885986,0.11999794840812683,0.0047432780265808105,0.1670096516609192,0.04339176416397095,0.2076907753944397,0.07903385162353516,0.030505836009979248,0.02042996883392334,0.12029561400413513,0.08273500204086304,0.18299072980880737,0.1256181001663208,0.23340916633605957,0.1603071689605713,0.020548105239868164,0.07383334636688232,0.10600879788398743,0.12898766994476318,0.16598856449127197,0.17085528373718262,0.2100411057472229,0.20283633470535278,0.02153688669204712,0.10826247930526733,0.08837714791297913,0.15520405769348145,0.13178792595863342,0.1860041618347168,0.16604486107826233,0.2108616828918457
1,0.0,0.0,0.03381752967834473,-0.08096122741699219,0.0816434919834137,-0.13957303762435913,0.11204755306243896,-0.1866573691368103,0.13977986574172974,-0.2376754879951477,0.052622437477111816,-0.062271833419799805,0.12834951281547546,-0.002964615821838379,0.1812402904033661,0.029287338256835938,0.22658678889274597,0.05860865116119385,0.03454780578613281,0.017529726028442383,0.13436093926429749,0.07486879825592041,0.20190206170082092,0.10847753286361694,0.2551790773868561,0.13654297590255737,0.02921268343925476,0.07428610324859619,0.12251019477844238,0.12347793579101562,0.18456938862800598,0.15511947870254517,0.23229876160621643,0.17864054441452026,0.03434702754020691,0.10948556661605835,0.10355719923973083,0.15012043714523315,0.1477389633655548,0.17458385229110718,0.18409156799316406,0.1920757293701172
1,0.0,0.0,0.036476582288742065,-0.07983773946762085,0.08629751205444336,-0.13753175735473633,0.11759623885154724,-0.18508082628250122,0.14166733622550964,-0.2371869683265686,0.05499944090843201,-0.062200725078582764,0.1316397786140442,-0.0035422444343566895,0.18603768944740295,0.02794492244720459,0.23175811767578125,0.056357383728027344,0.03568774461746216,0.01730448007583618,0.13751769065856934,0.07655596733093262,0.20579171180725098,0.10810226202011108,0.25945013761520386,0.13472437858581543,0.03035902976989746,0.07442766427993774,0.1289748251438141,0.12564855813980103,0.19275856018066406,0.15475773811340332,0.2410571575164795,0.17567116022109985,0.03631529211997986,0.10875463485717773,0.10970956087112427,0.151597797870636,0.15465739369392395,0.1758967638015747,0.19142436981201172,0.19331634044647217
1,0.0,0.0,0.0397132933139801,-0.08679455518722534,0.09078437089920044,-0.14684760570526123,0.12587273120880127,-0.19412583112716675,0.1505492925643921,-0.241815447807312,0.06338337063789368,-0.06474465131759644,0.14266034960746765,-0.001997053623199463,0.19837027788162231,0.0319516658782959,0.24404066801071167,0.060973942279815674,0.04602828621864319,0.01502317190170288,0.14924120903015137,0.07575881481170654,0.2192874550819397,0.10836207866668701,0.2728607654571533,0.13529151678085327,0.04188954830169678,0.07440465688705444,0.1383189558982849,0.12433749437332153,0.20311212539672852,0.15156883001327515,0.25264060497283936,0.1709526777267456,0.04832157492637634,0.11285167932510376,0.11915647983551025,0.15248996019363403,0.16306132078170776,0.17401176691055298,0.19992777705192566,0.18806207180023193
1,0.0,0.0,0.0360332727432251,-0.08279883861541748,0.08698311448097229,-0.1421402096748352,0.12015163898468018,-0.18644970655441284,0.14649423956871033,-0.23334595561027527,0.06322917342185974,-0.0629681944847107,0.1419486701488495,-0.0009480714797973633,0.19766747951507568,0.031229138374328613,0.24341297149658203,0.060104966163635254,0.04542320966720581,0.01687157154083252,0.14807984232902527,0.07655090093612671,0.21710538864135742,0.10809433460235596,0.2710786461830139,0.13371503353118896,0.03944200277328491,0.07495313882827759,0.13843771815299988,0.1263992190361023,0.2035016417503357,0.15529245138168335,0.2527652978897095,0.1762654185295105,0.0428275465965271,0.11089920997619629,0.115750253200531,0.15265756845474243,0.16139641404151917,0.17700165510177612,0.19906824827194214,0.1953386664390564
1,0.0,0.0,0.03654018044471741,-0.08426576852798462,0.08798602223396301,-0.14426648616790771,0.12283021211624146,-0.19035953283309937,0.1507018506526947,-0.23837631940841675,0.06441226601600647,-0.06352907419204712,0.14572769403457642,-0.002538323402404785,0.20188051462173462,0.030185580253601074,0.24803456664085388,0.060305118560791016,0.04860621690750122,0.01814490556716919,0.15322530269622803,0.07391995191574097,0.2234102189540863,0.10468381643295288,0.27755168080329895,0.13162869215011597,0.04451841115951538,0.0776335597038269,0.14234790205955505,0.1234121322631836,0.20805630087852478,0.15100044012069702,0.25851956009864807,0.17275351285934448,0.05047759413719177,0.1149827241897583,0.12259328365325928,0.15101265907287598,0.1669957935810089,0.17208021879196167,0.20400115847587585,0.18894797563552856
1,0.0,0.0,0.038694679737091064,-0.08456790447235107,0.09034660458564758,-0.145790696144104,0.12539103627204895,-0.1938091516494751,0.15252763032913208,-0.24049359560012817,0.07149380445480347,-0.06376457214355469,0.15484437346458435,-0.0031430721282958984,0.21111813187599182,0.02862703800201416,0.25692757964134216,0.05757623910903931,0.05656889081001282,0.018035948276519775,0.16282084584236145,0.07264918088912964,0.23348423838615417,0.10112935304641724,0.2887783944606781,0.12574273347854614,0.05226573348045349,0.07771247625350952,0.15275588631629944,0.12097948789596558,0.21905580163002014,0.14642053842544556,0.2702806890010834,0.16748082637786865,0.05743244290351868,0.11496073007583618,0.1298486888408661,0.14917415380477905,0.17456302046775818,0.170498788356781,0.21163764595985413,0.18854564428329468
1,0.0,0.0,0.04223230481147766,-0.08495557308197021,0.09747150540351868,-0.14397752285003662,0.1362404227256775,-0.19225859642028809,0.15883004665374756,-0.24328938126564026,0.08386465907096863,-0.056938767433166504,0.17314258217811584,0.0028061866760253906,0.23160085082054138,0.03191530704498291,0.279284805059433,0.056346237659454346,0.06892654299736023,0.019955873489379883,0.17971619963645935,0.07290750741958618,0.25199684500694275,0.10031384229660034,0.30832919478416443,0.12345486879348755,0.06357523798942566,0.07866942882537842,0.16878458857536316,0.12131088972091675,0.23548170924186707,0.14519238471984863,0.2875961363315582,0.1632136106491089,0.06769320368766785,0.11869186162948608,0.14543741941452026,0.1499510407447815,0.1925692856311798,0.16846507787704468,0.23242607712745667,0.1830458641052246
1,0.0,0.0,0.03470918536186218,-0.07246100902557373,0.07852840423583984,-0.12779653072357178,0.10215938091278076,-0.18204385042190552,0.12424182891845703,-0.2356904149055481,0.041853249073028564,-0.05599480867385864,0.10450893640518188,-0.0023064017295837402,0.1499672830104828,0.026903092861175537,0.18968448042869568,0.05313313007354736,0.022169023752212524,0.015677988529205322,0.10659798979759216,0.0712575912475586,0.16665545105934143,0.10524410009384155,0.21580633521080017,0.13247746229171753,0.015512198209762573,0.06689894199371338,0.09503278136253357,0.11515456438064575,0.15031924843788147,0.1478043794631958,0.194528728723526,0.16972774267196655,0.019765704870224,0.09738188982009888,0.07770204544067383,0.1400003433227539,0.11732441186904907,0.16636556386947632,0.15096789598464966,0.18410801887512207
1,0.0,0.0,0.03418731689453125,-0.07274842262268066,0.07625341415405273,-0.1299547553062439,0.09994417428970337,-0.18490546941757202,0.12395894527435303,-0.23629963397979736,0.039728373289108276,-0.05975419282913208,0.10428851842880249,-0.004171431064605713,0.15214455127716064,0.02614504098892212,0.19289162755012512,0.05269390344619751,0.01853388547897339,0.013864398002624512,0.10269096493721008,0.06677490472793579,0.16474628448486328,0.09999710321426392,0.21550652384757996,0.12674421072006226,0.011131137609481812,0.06677061319351196,0.09044897556304932,0.11325782537460327,0.14840388298034668,0.14560210704803467,0.19448968768119812,0.16745656728744507,0.015619158744812012,0.09845840930938721,0.07403698563575745,0.13838672637939453,0.1151425838470459,0.1631895899772644,0.15009048581123352,0.18071603775024414
1,0.0,0.0,0.03384086489677429,-0.07224923372268677,0.07568228244781494,-0.12758612632751465,0.09786525368690491,-0.179179847240448,0.11956116557121277,-0.23031353950500488,0.0349697470664978,-0.0548059344291687,0.0988481342792511,0.002278447151184082,0.14538154006004333,0.03115260601043701,0.18639740347862244,0.05753612518310547,0.015216141939163208,0.018608391284942627,0.10107627511024475,0.07429718971252441,0.1624082624912262,0.10671830177307129,0.21288254857063293,0.13378024101257324,0.009758174419403076,0.07104551792144775,0.09032502770423889,0.11848342418670654,0.14656126499176025,0.15050333738327026,0.19114580750465393,0.17304331064224243,0.015409618616104126,0.10352033376693726,0.07301801443099976,0.1446123719215393,0.11219486594200134,0.16931480169296265,0.14510315656661987,0.1860644817352295
1,0.0,0.0,0.035324811935424805,-0.07527673244476318,0.07798495888710022,-0.13230979442596436,0.10362201929092407,-0.1843361258506775,0.1270962357521057,-0.23517605662345886,0.04284268617630005,-0.05877542495727539,0.1079123318195343,-0.0034670233726501465,0.15715226531028748,0.026560664176940918,0.19925493001937866,0.052634596824645996,0.022092968225479126,0.013421118259429932,0.10772359371185303,0.06865578889846802,0.17004406452178955,0.10160380601882935,0.22063982486724854,0.12830579280853271,0.01604345440864563,0.0643053650856018,0.09657138586044312,0.11285018920898438,0.15306755900382996,0.14485740661621094,0.19800102710723877,0.16762596368789673,0.021943867206573486,0.09470361471176147,0.08038988709449768,0.1367667317390442,0.11970552802085876,0.161704421043396,0.15317082405090332,0.179226815700531
2,0.0,0.0,0.06198415160179138,-0.09249985218048096,0.0895407497882843,-0.18435978889465332,0.09163659811019897,-0.253222793340683,0.07059398293495178,-0.3373267650604248,0.01181444525718689,-0.10271298885345459,0.12604466080665588,-0.05825561285018921,0.1137305200099945,-0.05482959747314453,0.07725685834884644,-0.0726156234741211,-0.021356984972953796,-0.01985377073287964,0.11948835849761963,0.021432876586914062,0.09801661968231201,0.009653329849243164,0.057532697916030884,-0.01220691204071045,-0.030283913016319275,0.04971194267272949,0.10593664646148682,0.07866829633712769,0.08259209990501404,0.06593501567840576,0.04458606243133545,0.047336578369140625,-0.026487812399864197,0.10060721635818481,0.07139301300048828,0.12203001976013184,0.05603685975074768,0.10709643363952637,0.024194777011871338,0.09322875738143921
2,0.0,0.0,0.05975860357284546,-0.08912867307662964,0.09008318185806274,-0.18385571241378784,0.0930100679397583,-0.2570588290691376,0.07164177298545837,-0.34132635593414307,0.009197980165481567,-0.10458266735076904,0.12412834167480469,-0.05689185857772827,0.11607199907302856,-0.04907339811325073,0.08248057961463928,-0.06661331653594971,-0.024580448865890503,-0.022681117057800293,0.11730772256851196,0.023959994316101074,0.09964099526405334,0.013138175010681152,0.06137529015541077,-0.009161114692687988,-0.033805087208747864,0.04726386070251465,0.10356462001800537,0.07893949747085571,0.0854017436504364,0.06719315052032471,0.05079609155654907,0.04914653301239014,-0.029111027717590332,0.10046660900115967,0.07259520888328552,0.11952698230743408,0.061965882778167725,0.10444104671478271,0.033408790826797485,0.09155511856079102
2,0.0,0.0,0.041625604033470154,-0.09300482273101807,0.07065890729427338,-0.19912266731262207,0.07970412075519562,-0.2867816984653473,0.06640373170375824,-0.3769502639770508,-0.007742881774902344,-0.13537085056304932,0.12100087106227875,-0.09878802299499512,0.1069251149892807,-0.08395195007324219,0.06473208963871002,-0.10186898708343506,-0.03140316903591156,-0.05056333541870117,0.11759315431118011,-0.02409261465072632,0.09303294122219086,-0.025012075901031494,0.05007673799991608,-0.041708946228027344,-0.03294110298156738,0.02566760778427124,0.10808537900447845,0.0363275408744812,0.08428601920604706,0.03509533405303955,0.04852057993412018,0.02331596612930298,-0.022416889667510986,0.08556324243545532,0.08336947858333588,0.09223723411560059,0.06996308267116547,0.08348286151885986,0.03934277594089508,0.07397794723510742
2,0.0,0.0,0.032341182231903076,-0.09553861618041992,0.10171839594841003,-0.20886456966400146,0.12613502144813538,-0.3008115291595459,0.11962053179740906,-0.39665234088897705,0.05998691916465759,-0.1611996293067932,0.19444972276687622,-0.11468064785003662,0.17163634300231934,-0.12129664421081543,0.12708866596221924,-0.13923579454421997,0.04050999879837036,-0.07720178365707397,0.19134441018104553,-0.04288673400878906,0.15915986895561218,-0.05857253074645996,0.10693246126174927,-0.07177162170410156,0.041017085313797,0.0010818243026733398,0.18094435334205627,0.015043377876281738,0.15262684226036072,-0.00661236047744751,0.10738888382911682,-0.016465187072753906,0.05187639594078064,0.06659883260726929,0.1600283980369568,0.05760747194290161,0.1428278088569641,0.033998727798461914,0.10506480932235718,0.02749168872833252
2,0.0,0.0,0.03130003809928894,-0.0987822413444519,0.10228532552719116,-0.21403110027313232,0.12647613883018494,-0.30303990840911865,0.1205454170703888,-0.3960140347480774,0.06193479895591736,-0.16611748933792114,0.1994493007659912,-0.11667925119400024,0.17554014921188354,-0.1239551305770874,0.12992584705352783,-0.14190125465393066,0.041310518980026245,-0.0808941125869751,0.192324697971344,-0.04438889026641846,0.1604052484035492,-0.06387138366699219,0.11002632975578308,-0.07880383729934692,0.04132738709449768,-0.0020899176597595215,0.18129903078079224,0.014216065406799316,0.1530718207359314,-0.012481093406677246,0.1098623275756836,-0.02590423822402954,0.051643431186676025,0.06286203861236572,0.1602986752986908,0.05261629819869995,0.14330974221229553,0.027197837829589844,0.10768643021583557,0.018712222576141357
2,0.0,0.0,0.030629962682724,-0.0958031415939331,0.10170850157737732,-0.21112924814224243,0.1262894868850708,-0.30156558752059937,0.11808669567108154,-0.3951677978038788,0.055851370096206665,-0.16732430458068848,0.19131425023078918,-0.11600255966186523,0.17043885588645935,-0.12113755941390991,0.1271769106388092,-0.1398196816444397,0.03394380211830139,-0.08373123407363892,0.18534636497497559,-0.04451209306716919,0.15528956055641174,-0.06060284376144409,0.106244295835495,-0.07578307390213013,0.03409257531166077,-0.004581451416015625,0.17467457056045532,0.01467883586883545,0.14592409133911133,-0.008377909660339355,0.10337391495704651,-0.02152860164642334,0.044604480266571045,0.06156623363494873,0.1530362367630005,0.056754469871520996,0.13638728857040405,0.03254210948944092,0.10222688317298889,0.022401630878448486
2,0.0,0.0,0.03287942707538605,-0.0930185317993164,0.10403698682785034,-0.2043473720550537,0.12901929020881653,-0.2970373034477234,0.12207096815109253,-0.3918547034263611,0.052819013595581055,-0.16657859086990356,0.18718189001083374,-0.11694061756134033,0.1661747694015503,-0.12018215656280518,0.12469998002052307,-0.13827401399612427,0.03028079867362976,-0.08307284116744995,0.18202662467956543,-0.042058587074279785,0.14956355094909668,-0.0571061372756958,0.10075226426124573,-0.07457858324050903,0.03091031312942505,-0.004323840141296387,0.17280030250549316,0.015185773372650146,0.1413886845111847,-0.006114602088928223,0.0989222526550293,-0.020369529724121094,0.04284682869911194,0.06294167041778564,0.15356460213661194,0.058720290660858154,0.13321053981781006,0.037405967712402344,0.09693273901939392,0.0275193452835083
2,0.0,0.0,0.03430639207363129,-0.0947883129119873,0.10926905274391174,-0.20918655395507812,0.13668572902679443,-0.30201858282089233,0.13035359978675842,-0.3956165313720703,0.06298872828483582,-0.17348629236221313,0.19633454084396362,-0.12112915515899658,0.17229312658309937,-0.12253600358963013,0.1288270652294159,-0.14102768898010254,0.0401664674282074,-0.09234035015106201,0.18944597244262695,-0.04859888553619385,0.1579577624797821,-0.0631636381149292,0.10994046926498413,-0.08017867803573608,0.03897199034690857,-0.01359647512435913,0.17851021885871887,0.009465932846069336,0.148739755153656,-0.01148456335067749,0.10654324293136597,-0.025229275226593018,0.04894906282424927,0.05450785160064697,0.1585451066493988,0.051741182804107666,0.14207357168197632,0.029272735118865967,0.1084730327129364,0.018416225910186768
2,0.0,0.0,0.03316605091094971,-0.09302884340286255,0.10748383402824402,-0.20108723640441895,0.13543131947517395,-0.2892566919326782,0.12713822722434998,-0.3845352232456207,0.05302244424819946,-0.1622220277786255,0.18718239665031433,-0.10490930080413818,0.16807469725608826,-0.11203312873840332,0.1273169219493866,-0.1339007019996643,0.029252231121063232,-0.07852071523666382,0.1801561415195465,-0.032657623291015625,0.1512744426727295,-0.05055469274520874,0.10405251383781433,-0.06868785619735718,0.028554588556289673,0.0013439059257507324,0.16917911171913147,0.025496959686279297,0.1421709954738617,0.0016698241233825684,0.10115689039230347,-0.013687610626220703,0.039040952920913696,0.06841391324996948,0.14775490760803223,0.06647926568984985,0.13231465220451355,0.04266977310180664,0.09932440519332886,0.031577467918395996
2,0.0,0.0,0.03592658042907715,-0.09085726737976074,0.11019060015678406,-0.1966809630393982,0.13774076104164124,-0.28583234548568726,0.13332530856132507,-0.3798401355743408,0.05749461054801941,-0.1607767939567566,0.1891765594482422,-0.10111480951309204,0.16862967610359192,-0.11067593097686768,0.12786927819252014,-0.13417744636535645,0.033061057329177856,-0.07875120639801025,0.18191882967948914,-0.029496192932128906,0.15115872025489807,-0.04975682497024536,0.10425195097923279,-0.06916391849517822,0.03114202618598938,-0.000249326229095459,0.1705799400806427,0.026941537857055664,0.14069756865501404,0.001001894474029541,0.09865188598632812,-0.014456510543823242,0.04078376293182373,0.06725049018859863,0.15041020512580872,0.06841468811035156,0.13104990124702454,0.0432661771774292,0.09387952089309692,0.031541287899017334
2,0.0,0.0,0.03438559174537659,-0.09651577472686768,0.10929763317108154,-0.20744246244430542,0.13938406109809875,-0.29708850383758545,0.13680928945541382,-0.39228445291519165,0.06172257661819458,-0.18136483430862427,0.19220200181007385,-0.12004798650741577,0.1721900999546051,-0.12025272846221924,0.1315138339996338,-0.14113390445709229,0.03560078144073486,-0.0998796820640564,0.18440207839012146,-0.04775798320770264,0.15340575575828552,-0.059604525566101074,0.10511443018913269,-0.07837361097335815,0.031357765197753906,-0.019308805465698242,0.17028841376304626,0.01182413101196289,0.14157184958457947,-0.006973862648010254,0.10016953945159912,-0.023492634296417236,0.03799408674240112,0.050411880016326904,0.1461152732372284,0.05249971151351929,0.12780794501304626,0.03317779302597046,0.09198006987571716,0.02160191535949707
2,0.0,0.0,0.029464825987815857,-0.08821362257003784,0.09910885989665985,-0.18572843074798584,0.13031025230884552,-0.27165400981903076,0.1439078003168106,-0.35299545526504517,0.08640579879283905,-0.1332651972770691,0.21995924413204193,-0.09661900997161865,0.18867240846157074,-0.10014867782592773,0.14494545757770538,-0.11164534091949463,0.07636953890323639,-0.04705238342285156,0.21652214229106903,-0.02694559097290039,0.18580038845539093,-0.0407332181930542,0.13878552615642548,-0.051010191440582275,0.07422657310962677,0.02687060832977295,0.20237936079502106,0.03174048662185669,0.17231236398220062,0.015404582023620605,0.12818901240825653,0.009354233741760254,0.07949571311473846,0.08666372299194336,0.1737225204706192,0.07857972383499146,0.15393300354480743,0.061375439167022705,0.1172109991312027,0.057440996170043945
2,0.0,0.0,0.029974982142448425,-0.08914339542388916,0.10006903111934662,-0.1833505630493164,0.13224367797374725,-0.2677430510520935,0.14268119633197784,-0.3545464277267456,0.08379800617694855,-0.12687939405441284,0.21513085067272186,-0.09077459573745728,0.18353845179080963,-0.09470421075820923,0.1390485018491745,-0.10598528385162354,0.07288967072963715,-0.04021286964416504,0.21108920872211456,-0.021118462085723877,0.18048737943172455,-0.03314638137817383,0.13295887410640717,-0.04070812463760376,0.07114015519618988,0.03303462266921997,0.1994418054819107,0.03326600790023804,0.16923092305660248,0.01857280731201172,0.1236581951379776,0.015501916408538818,0.07783903181552887,0.09100085496902466,0.17184971272945404,0.07913458347320557,0.15125016868114471,0.06410437822341919,0.11395512521266937,0.06567257642745972
2,0.0,0.0,0.0318557471036911,-0.08920180797576904,0.10400949418544769,-0.18519091606140137,0.1368989199399948,-0.27139443159103394,0.14750461280345917,-0.3584910035133362,0.08666159212589264,-0.12811744213104248,0.218160942196846,-0.08983850479125977,0.1876593679189682,-0.09487277269363403,0.14308659732341766,-0.10826152563095093,0.07504017651081085,-0.044092535972595215,0.21437953412532806,-0.02175086736679077,0.18547560274600983,-0.0345991849899292,0.13817326724529266,-0.044284701347351074,0.07282383739948273,0.02835690975189209,0.20257245004177094,0.032559216022491455,0.17346693575382233,0.017700493335723877,0.12792463600635529,0.012808024883270264,0.0788479894399643,0.08738380670547485,0.17419277131557465,0.07886368036270142,0.1553564816713333,0.06307202577590942,0.11844752728939056,0.06233620643615723
2,0.0,0.0,0.03169141709804535,-0.08925789594650269,0.10464547574520111,-0.18548297882080078,0.1373731642961502,-0.271522581577301,0.14583496749401093,-0.3590390086174011,0.08530454337596893,-0.12715226411819458,0.21689949929714203,-0.08556234836578369,0.18589948117733002,-0.09050905704498291,0.14093218743801117,-0.10371267795562744,0.07288308441638947,-0.04224616289138794,0.21217824518680573,-0.01957392692565918,0.18294192850589752,-0.03255993127822876,0.1349816471338272,-0.04141438007354736,0.07061488926410675,0.030682682991027832,0.20062454044818878,0.03334808349609375,0.1717713624238968,0.017367184162139893,0.1256403774023056,0.01299983263015747,0.07782308757305145,0.08931267261505127,0.17266787588596344,0.07709091901779175,0.15432392060756683,0.06062048673629761,0.11757753789424896,0.0611882209777832
2,0.0,0.0,0.03174382448196411,-0.08689099550247192,0.10411444306373596,-0.1801103949546814,0.13721811771392822,-0.2632785737514496,0.14919471740722656,-0.34908369183540344,0.08190780878067017,-0.12589991092681885,0.2152329385280609,-0.08543950319290161,0.18391847610473633,-0.08926892280578613,0.13860848546028137,-0.1021469235420227,0.07004895806312561,-0.04014861583709717,0.2108744978904724,-0.016895830631256104,0.18176007270812988,-0.0287969708442688,0.1341516673564911,-0.03815019130706787,0.06800699234008789,0.032920002937316895,0.19872251152992249,0.038121700286865234,0.1698072850704193,0.023424506187438965,0.12457188963890076,0.018159925937652588,0.07473891973495483,0.09108537435531616,0.17024213075637817,0.08263063430786133,0.1515716016292572,0.06766313314437866,0.11520454287528992,0.0676349401473999
2,0.0,0.0,0.029488161206245422,-0.08695536851882935,0.10222341120243073,-0.1836453676223755,0.13731510937213898,-0.2678121328353882,0.1514059156179428,-0.3517185151576996,0.08498333394527435,-0.13053619861602783,0.21655599772930145,-0.09004241228103638,0.18610255420207977,-0.0939902663230896,0.14127935469150543,-0.10697442293167114,0.0732652097940445,-0.04731804132461548,0.21319909393787384,-0.020479857921600342,0.18401457369327545,-0.03191918134689331,0.1361507624387741,-0.04304927587509155,0.0709250420331955,0.025157570838928223,0.19989483058452606,0.03459632396697998,0.17144332826137543,0.02083873748779297,0.12639661133289337,0.014398276805877686,0.07700742781162262,0.08485013246536255,0.1713915318250656,0.07851141691207886,0.15322600305080414,0.06308954954147339,0.11681462824344635,0.06065404415130615
2,0.0,0.0,0.03069797158241272,-0.08580923080444336,0.10360398888587952,-0.1827487349510193,0.13754618167877197,-0.2680273652076721,0.1503029465675354,-0.35244041681289673,0.08385580778121948,-0.1305517554283142,0.21598485112190247,-0.08832627534866333,0.18558552861213684,-0.092914879322052,0.14105138182640076,-0.10676676034927368,0.07121261954307556,-0.046839892864227295,0.2121584117412567,-0.01988917589187622,0.18357029557228088,-0.0332341194152832,0.13628250360488892,-0.04468357563018799,0.06839847564697266,0.02613091468811035,0.19833585619926453,0.03618049621582031,0.1703062653541565,0.02035808563232422,0.12566515803337097,0.013471126556396484,0.07423117756843567,0.08634984493255615,0.17069455981254578,0.08096718788146973,0.15324357151985168,0.0641292929649353,0.11679017543792725,0.06129419803619385
3,0.0,0.0,-0.011927962303161621,-0.06313663721084595,-0.04865175485610962,-0.09506726264953613,-0.07514940202236176,-0.10876357555389404,-0.0958840548992157,-0.12715542316436768,-0.1136273592710495,-0.08691906929016113,-0.15385451912879944,-0.11119765043258667,-0.17368096113204956,-0.13542896509170532,-0.1888810694217682,-0.15879303216934204,-0.1219005435705185,-0.07375627756118774,-0.16839778423309326,-0.1026793122291565,-0.19437164068222046,-0.13252508640289307,-0.2142595276236534,-0.16007483005523682,-0.12385532259941101,-0.05694979429244995,-0.16986101865768433,-0.08322954177856445,-0.19575486332178116,-0.10926169157028198,-0.21617058664560318,-0.13375240564346313,-0.11852991580963135,-0.03518533706665039,-0.15715372562408447,-0.051531195640563965,-0.18026863038539886,-0.07125663757324219,-0.1999194249510765,-0.09128838777542114
3,0.0,0.0,-0.016277313232421875,-0.06499046087265015,-0.05716618895530701,-0.09438985586166382,-0.08638428151607513,-0.10571801662445068,-0.10873061418533325,-0.12216556072235107,-0.12054449319839478,-0.08192574977874756,-0.16212600469589233,-0.1038825511932373,-0.18404492735862732,-0.12618201971054077,-0.20176128298044205,-0.14756381511688232,-0.1274237185716629,-0.06798571348190308,-0.17523761093616486,-0.09475696086883545,-0.20315616577863693,-0.12229782342910767,-0.22594791650772095,-0.14735817909240723,-0.12759144604206085,-0.05115622282028198,-0.17516551911830902,-0.07432979345321655,-0.20219413936138153,-0.09818977117538452,-0.2239958569407463,-0.12013387680053711,-0.12019459903240204,-0.03003484010696411,-0.1587841510772705,-0.04340207576751709,-0.18332942575216293,-0.06040799617767334,-0.2044953778386116,-0.07728749513626099
3,0.0,0.0,-0.02046358585357666,-0.06952899694442749,-0.0654035210609436,-0.09852069616317749,-0.09625419974327087,-0.10991775989532471,-0.12124879658222198,-0.12403196096420288,-0.12693889439105988,-0.07627463340759277,-0.17319338023662567,-0.09563064575195312,-0.19759096205234528,-0.11701369285583496,-0.21676364541053772,-0.1374087929725647,-0.13215911388397217,-0.05955708026885986,-0.18442481011152267,-0.08221447467803955,-0.21504754573106766,-0.10734671354293823,-0.23963242769241333,-0.1308988332748413,-0.129998579621315,-0.04051440954208374,-0.18202602863311768,-0.05828201770782471,-0.21189432591199875,-0.079609215259552,-0.23575250804424286,-0.1010054349899292,-0.1202239990234375,-0.018185853958129883,-0.1613207757472992,-0.029264867305755615,-0.18705780804157257,-0.04477953910827637,-0.208835668861866,-0.06158912181854248
3,0.0,0.0,-0.01577967405319214,-0.07301092147827148,-0.05975842475891113,-0.10927808284759521,-0.09174345433712006,-0.12513554096221924,-0.11595070362091064,-0.1452910304069519,-0.11723800003528595,-0.1004677414894104,-0.16163912415504456,-0.1253376007080078,-0.18595655262470245,-0.1506090760231018,-0.2059793695807457,-0.17375963926315308,-0.12123577296733856,-0.08335930109024048,-0.16750168800354004,-0.11092352867126465,-0.19442006200551987,-0.14134067296981812,-0.2171400487422943,-0.1700587272644043,-0.11876974999904633,-0.0627967119216919,-0.16461069881916046,-0.08944475650787354,-0.1907101646065712,-0.11723208427429199,-0.2123790755867958,-0.143213152885437,-0.10991597175598145,-0.03757655620574951,-0.14691095054149628,-0.057402074337005615,-0.17091065645217896,-0.07994943857192993,-0.1910785511136055,-0.10149019956588745
3,0.0,0.0,-0.011822432279586792,-0.07446795701980591,-0.05366930365562439,-0.11404412984848022,-0.08607113361358643,-0.1321336030960083,-0.11035999655723572,-0.15333646535873413,-0.10562290251255035,-0.108573317527771,-0.14604640007019043,-0.13644170761108398,-0.16691191494464874,-0.16627001762390137,-0.1837228536605835,-0.19416487216949463,-0.110871821641922,-0.09390473365783691,-0.1531088650226593,-0.12623834609985352,-0.17644092440605164,-0.16291916370391846,-0.19584780931472778,-0.197532057762146,-0.1099754273891449,-0.07463490962982178,-0.15218853950500488,-0.10607433319091797,-0.173915833234787,-0.1399327516555786,-0.1912127435207367,-0.17079126834869385,-0.1028594821691513,-0.05070751905441284,-0.13642168045043945,-0.07514548301696777,-0.15621301531791687,-0.10187017917633057,-0.17177742719650269,-0.12660259008407593
3,0.0,0.0,-0.006278723478317261,-0.07344835996627808,-0.04133984446525574,-0.1233217716217041,-0.07173553109169006,-0.14778220653533936,-0.09553924202919006,-0.17327994108200073,-0.0980764776468277,-0.11671948432922363,-0.13570252060890198,-0.14859426021575928,-0.15505480766296387,-0.17703169584274292,-0.1707148253917694,-0.20326250791549683,-0.10476896166801453,-0.09726393222808838,-0.14505833387374878,-0.1334618330001831,-0.1672264188528061,-0.16749244928359985,-0.18535715341567993,-0.1992170810699463,-0.10446913540363312,-0.0733979344367981,-0.14587675034999847,-0.10691732168197632,-0.1672247350215912,-0.13722819089889526,-0.18386834859848022,-0.16598618030548096,-0.09857559204101562,-0.043480873107910156,-0.13237279653549194,-0.0673711895942688,-0.1517406404018402,-0.09248948097229004,-0.16751638054847717,-0.11745989322662354
3,0.0,0.0,-0.006774008274078369,-0.07256573438644409,-0.042237043380737305,-0.12273359298706055,-0.07197955250740051,-0.14770185947418213,-0.09550005197525024,-0.17317110300064087,-0.09831775724887848,-0.11428087949752808,-0.13647882640361786,-0.14577382802963257,-0.15583300590515137,-0.17445123195648193,-0.17151711881160736,-0.2012837529182434,-0.1055813729763031,-0.09445548057556152,-0.14637890458106995,-0.12995803356170654,-0.16890493035316467,-0.16366076469421387,-0.18719106912612915,-0.1959388256072998,-0.10545998811721802,-0.07022649049758911,-0.14763274788856506,-0.10272425413131714,-0.16947096586227417,-0.1324218511581421,-0.18624165654182434,-0.1611323356628418,-0.09916150569915771,-0.04016953706741333,-0.13421587646007538,-0.06331634521484375,-0.1537783443927765,-0.08805745840072632,-0.16906951367855072,-0.11298483610153198
3,0.0,0.0,-0.009091973304748535,-0.07443404197692871,-0.04599106311798096,-0.12326431274414062,-0.07654154300689697,-0.1476113200187683,-0.101096972823143,-0.17223811149597168,-0.10217064619064331,-0.10887795686721802,-0.1418314278125763,-0.13922220468521118,-0.16241100430488586,-0.16561555862426758,-0.17967502772808075,-0.19046735763549805,-0.10909749567508698,-0.0885191559791565,-0.15161611139774323,-0.12345218658447266,-0.17639106512069702,-0.15547657012939453,-0.19701305031776428,-0.18613404035568237,-0.1090320348739624,-0.06402909755706787,-0.15275797247886658,-0.09597307443618774,-0.17639881372451782,-0.12399864196777344,-0.19504623115062714,-0.15178519487380981,-0.1032169759273529,-0.03374248743057251,-0.13943065702915192,-0.0562366247177124,-0.16021424531936646,-0.0800313949584961,-0.17714601755142212,-0.10438233613967896
3,0.0,0.0,-0.009381294250488281,-0.07687002420425415,-0.045993030071258545,-0.12230610847473145,-0.07525825500488281,-0.1445026397705078,-0.09917497634887695,-0.1683945655822754,-0.10428209602832794,-0.11015719175338745,-0.1441969871520996,-0.14084619283676147,-0.16461820900440216,-0.16821593046188354,-0.1809629201889038,-0.19362598657608032,-0.11084389686584473,-0.09185558557510376,-0.15316617488861084,-0.1270555853843689,-0.17730069160461426,-0.15979993343353271,-0.19634772092103958,-0.19055557250976562,-0.11081543564796448,-0.06914907693862915,-0.1543322056531906,-0.10138857364654541,-0.17834655940532684,-0.13073331117630005,-0.196835495531559,-0.15893471240997314,-0.10482172667980194,-0.04051905870437622,-0.14012715220451355,-0.0643647313117981,-0.16118958592414856,-0.08829599618911743,-0.17872510850429535,-0.11201596260070801
3,0.0,0.0,-0.009530127048492432,-0.07437741756439209,-0.04677426815032959,-0.11702138185501099,-0.07633224129676819,-0.13704007863998413,-0.10070458054542542,-0.15878891944885254,-0.10515917837619781,-0.10816711187362671,-0.14557406306266785,-0.13931912183761597,-0.16675615310668945,-0.16699200868606567,-0.18382269144058228,-0.19224077463150024,-0.11180710792541504,-0.09201967716217041,-0.15422119200229645,-0.12767785787582397,-0.17925280332565308,-0.161021888256073,-0.19930262863636017,-0.1923203468322754,-0.11236301064491272,-0.07219141721725464,-0.1549416482448578,-0.10504192113876343,-0.17897072434425354,-0.1344861388206482,-0.19798167794942856,-0.16227155923843384,-0.10701510310173035,-0.046942293643951416,-0.14190152287483215,-0.07167637348175049,-0.16323760151863098,-0.09608477354049683,-0.18112197518348694,-0.1198122501373291
3,0.0,0.0,-0.008955806493759155,-0.06940072774887085,-0.04684025049209595,-0.11177390813827515,-0.07594902813434601,-0.13220036029815674,-0.09936021268367767,-0.15310674905776978,-0.10495735704898834,-0.10446971654891968,-0.144053116440773,-0.13709330558776855,-0.16363060474395752,-0.16410690546035767,-0.17968368530273438,-0.188421368598938,-0.11198966205120087,-0.088104248046875,-0.1544869840145111,-0.12502944469451904,-0.17888611555099487,-0.15787672996520996,-0.19876857101917267,-0.18790555000305176,-0.11330552399158478,-0.06800758838653564,-0.15591035783290863,-0.10278064012527466,-0.1798732876777649,-0.13266801834106445,-0.1991918683052063,-0.16009044647216797,-0.10918004810810089,-0.0425911545753479,-0.14349982142448425,-0.0682494044303894,-0.16411668062210083,-0.09281682968139648,-0.1818329095840454,-0.11664628982543945
3,0.0,0.0,-0.008889347314834595,-0.06962960958480835,-0.046242982149124146,-0.11183983087539673,-0.0748319923877716,-0.13241297006607056,-0.09778118133544922,-0.15322041511535645,-0.1049124151468277,-0.10518103837966919,-0.14452490210533142,-0.13736820220947266,-0.16526813805103302,-0.16470956802368164,-0.18210208415985107,-0.18916916847229004,-0.11162164807319641,-0.08918428421020508,-0.1536865085363388,-0.12533563375473022,-0.17847636342048645,-0.15793180465698242,-0.19880613684654236,-0.18816208839416504,-0.11228738725185394,-0.06955838203430176,-0.15456122159957886,-0.10335850715637207,-0.17864838242530823,-0.13282126188278198,-0.19807933270931244,-0.16040527820587158,-0.1073223203420639,-0.04440528154373169,-0.14161203801631927,-0.06994736194610596,-0.16228193044662476,-0.09448885917663574,-0.17976634204387665,-0.11845695972442627
3,0.0,0.0,-0.008520007133483887,-0.07343357801437378,-0.04498034715652466,-0.11477851867675781,-0.07295529544353485,-0.1344296932220459,-0.09566447138786316,-0.15579921007156372,-0.10218918323516846,-0.10839688777923584,-0.14242026209831238,-0.1418880820274353,-0.16259680688381195,-0.1700131893157959,-0.17847400903701782,-0.19514280557632446,-0.10917310416698456,-0.09282666444778442,-0.1521093100309372,-0.1308022141456604,-0.17689348757266998,-0.1647971272468567,-0.1961641013622284,-0.19575196504592896,-0.11034165322780609,-0.0733102560043335,-0.15415111184120178,-0.10815060138702393,-0.17803248763084412,-0.1382368803024292,-0.19648900628089905,-0.16630476713180542,-0.1055695116519928,-0.04845982789993286,-0.1414175033569336,-0.07403808832168579,-0.16245807707309723,-0.0986868143081665,-0.17964176833629608,-0.12302976846694946
3,0.0,0.0,-0.008939146995544434,-0.07201510667800903,-0.04584318399429321,-0.11224216222763062,-0.07409889996051788,-0.1312556266784668,-0.09632261097431183,-0.1518251895904541,-0.10454605519771576,-0.107666015625,-0.145193949341774,-0.13962435722351074,-0.1658877581357956,-0.16715914011001587,-0.1822381168603897,-0.19209539890289307,-0.11129635572433472,-0.09217053651809692,-0.15478748083114624,-0.12787401676177979,-0.17952987551689148,-0.16120284795761108,-0.19893190264701843,-0.19234740734100342,-0.11197653412818909,-0.07307183742523193,-0.15588314831256866,-0.10585135221481323,-0.17969529330730438,-0.13547474145889282,-0.19833610951900482,-0.16358065605163574,-0.1064969152212143,-0.04875069856643677,-0.14159134030342102,-0.0729561448097229,-0.16260258853435516,-0.0974465012550354,-0.18016351759433746,-0.1218494176864624
3,0.0,0.0,-0.00690111517906189,-0.07228636741638184,-0.042782604694366455,-0.11204373836517334,-0.07015331089496613,-0.131045401096344,-0.09202654659748077,-0.152366042137146,-0.10151469707489014,-0.10777676105499268,-0.14191433787345886,-0.14043331146240234,-0.16140815615653992,-0.16907590627670288,-0.1769813895225525,-0.194857656955719,-0.1081695705652237,-0.09350520372390747,-0.15089336037635803,-0.12902188301086426,-0.17445838451385498,-0.16318130493164062,-0.1933538243174553,-0.19514983892440796,-0.10893657803535461,-0.07454782724380493,-0.1525147557258606,-0.10859179496765137,-0.17570722103118896,-0.13836884498596191,-0.1943335011601448,-0.16651493310928345,-0.10343043506145477,-0.0497208833694458,-0.1392073631286621,-0.07456648349761963,-0.16004827618598938,-0.09932243824005127,-0.17722678184509277,-0.12447905540466309
3,0.0,0.0,-0.0073792338371276855,-0.06788218021392822,-0.043814778327941895,-0.10940814018249512,-0.07155509293079376,-0.13033407926559448,-0.09337720274925232,-0.15142768621444702,-0.10303382575511932,-0.10437405109405518,-0.14235465228557587,-0.13731014728546143,-0.1624891459941864,-0.16538339853286743,-0.17860397696495056,-0.1905723214149475,-0.10972537100315094,-0.08931052684783936,-0.15240518748760223,-0.12623971700668335,-0.17714029550552368,-0.16006678342819214,-0.1973642036318779,-0.19110029935836792,-0.1104857325553894,-0.07025223970413208,-0.15380457043647766,-0.10456055402755737,-0.17820480465888977,-0.1352640986442566,-0.1979362592101097,-0.16372692584991455,-0.10566799342632294,-0.04529315233230591,-0.14131805300712585,-0.07066118717193604,-0.1626673936843872,-0.09626054763793945,-0.18064327538013458,-0.1215934157371521
3,0.0,0.0,-0.0032997727394104004,-0.07125335931777954,-0.035707294940948486,-0.12293612957000732,-0.06404858827590942,-0.1512119174003601,-0.08578455448150635,-0.1795923113822937,-0.09470412135124207,-0.1113160252571106,-0.13290518522262573,-0.1469852328300476,-0.15281561017036438,-0.17535889148712158,-0.1693883091211319,-0.20111697912216187,-0.10404108464717865,-0.0919266939163208,-0.1444491744041443,-0.13117825984954834,-0.16898825764656067,-0.16461282968521118,-0.18938732892274857,-0.19664597511291504,-0.10683397948741913,-0.06814426183700562,-0.14835935831069946,-0.10493350028991699,-0.17226408421993256,-0.13453632593154907,-0.19137240201234818,-0.16333895921707153,-0.10438868403434753,-0.03764510154724121,-0.13909639418125153,-0.06429487466812134,-0.1589861512184143,-0.0896838903427124,-0.17553603649139404,-0.1155363917350769
3,0.0,0.0,-0.003941237926483154,-0.07071143388748169,-0.03596511483192444,-0.12249845266342163,-0.06363028287887573,-0.15102845430374146,-0.0857318639755249,-0.17935043573379517,-0.0963643491268158,-0.11053770780563354,-0.1334778368473053,-0.1455877423286438,-0.15274092555046082,-0.1731368899345398,-0.16847875714302063,-0.19803482294082642,-0.10600540041923523,-0.09179508686065674,-0.14527355134487152,-0.13101834058761597,-0.16892409324645996,-0.16421747207641602,-0.18804730474948883,-0.19565099477767944,-0.10930053889751434,-0.0685429573059082,-0.14936086535453796,-0.10555201768875122,-0.17253562808036804,-0.1355416178703308,-0.19075609743595123,-0.16364514827728271,-0.10736551880836487,-0.03835994005203247,-0.14154484868049622,-0.06569188833236694,-0.16079482436180115,-0.09112894535064697,-0.17669636011123657,-0.11615753173828125
3,0.0,0.0,-0.004582643508911133,-0.0742042064666748,-0.03403717279434204,-0.12876838445663452,-0.06250575184822083,-0.159895658493042,-0.08564093708992004,-0.19077694416046143,-0.09482298791408539,-0.11031943559646606,-0.13415752351284027,-0.14391130208969116,-0.15404365956783295,-0.16897523403167725,-0.17072606086730957,-0.19285136461257935,-0.10458312928676605,-0.08863949775695801,-0.14679981768131256,-0.12678861618041992,-0.17145134508609772,-0.15771180391311646,-0.19155248999595642,-0.18763643503189087,-0.10779845714569092,-0.061830878257751465,-0.15076544880867004,-0.09781944751739502,-0.17481334507465363,-0.12588787078857422,-0.19363341480493546,-0.1536729335784912,-0.10578177869319916,-0.02803438901901245,-0.14107385277748108,-0.05332958698272705,-0.16075506806373596,-0.07724714279174805,-0.1769682765007019,-0.10142606496810913
3,0.0,0.0,-0.004153043031692505,-0.07438492774963379,-0.03492474555969238,-0.1302100419998169,-0.06390199065208435,-0.16218996047973633,-0.08698773384094238,-0.19351232051849365,-0.09697142243385315,-0.11114370822906494,-0.13640184700489044,-0.1438131332397461,-0.1563662886619568,-0.1681373119354248,-0.1731114238500595,-0.19164609909057617,-0.10734400153160095,-0.08773446083068848,-0.14963878691196442,-0.12495756149291992,-0.17377829551696777,-0.15457206964492798,-0.19330236315727234,-0.18356812000274658,-0.11019694805145264,-0.05914431810379028,-0.15335029363632202,-0.09427613019943237,-0.17688390612602234,-0.121518075466156,-0.19509239494800568,-0.14901715517044067,-0.10729622840881348,-0.023623883724212646,-0.14275740087032318,-0.04846203327178955,-0.16224870085716248,-0.07174950838088989,-0.17812904715538025,-0.09595459699630737
3,0.0,0.0,-0.004425019025802612,-0.07816123962402344,-0.03203088045120239,-0.13571572303771973,-0.061009496450424194,-0.1712549328804016,-0.08469696342945099,-0.20464247465133667,-0.09687590599060059,-0.11646991968154907,-0.13673940300941467,-0.15018999576568604,-0.15617869794368744,-0.17342090606689453,-0.17326250672340393,-0.19630026817321777,-0.10727925598621368,-0.09210044145584106,-0.149843230843544,-0.12946629524230957,-0.17432905733585358,-0.15766006708145142,-0.19459635019302368,-0.184900164604187,-0.11054337024688721,-0.06274175643920898,-0.15363146364688873,-0.09758126735687256,-0.1773998737335205,-0.12400233745574951,-0.19579622894525528,-0.15049093961715698,-0.1087876558303833,-0.026442766189575195,-0.1445140242576599,-0.050740838050842285,-0.16382625699043274,-0.07397794723510742,-0.1795700192451477,-0.09823417663574219
3,0.0,0.0,-0.004308044910430908,-0.07582783699035645,-0.032876044511795044,-0.13250350952148438,-0.06098049879074097,-0.16445714235305786,-0.08477756381034851,-0.1964215636253357,-0.0959271788597107,-0.11551862955093384,-0.1343337893486023,-0.14863628149032593,-0.15356235206127167,-0.17360424995422363,-0.16990596055984497,-0.1979803442955017,-0.1055653989315033,-0.09292173385620117,-0.1466842144727707,-0.12995314598083496,-0.17025309801101685,-0.16007834672927856,-0.18979395180940628,-0.18983358144760132,-0.10795952379703522,-0.06525933742523193,-0.15012668073177338,-0.10030502080917358,-0.1734309196472168,-0.12806767225265503,-0.191788449883461,-0.15602070093154907,-0.10482999682426453,-0.03054046630859375,-0.13972316682338715,-0.05482590198516846,-0.15894655883312225,-0.07865500450134277,-0.17478825151920319,-0.10307908058166504
3,0.0,0.0,-0.007376670837402344,-0.07234758138656616,-0.0422704815864563,-0.12061697244644165,-0.07077322900295258,-0.1461029052734375,-0.0944727212190628,-0.17191565036773682,-0.09993276000022888,-0.11341053247451782,-0.13658778369426727,-0.14494627714157104,-0.1556415557861328,-0.17312419414520264,-0.17102529108524323,-0.19878840446472168,-0.1068660169839859,-0.09547239542007446,-0.14507834613323212,-0.13114672899246216,-0.16688880324363708,-0.16479259729385376,-0.18458326160907745,-0.19683098793029785,-0.10757090151309967,-0.07281988859176636,-0.14683301746845245,-0.10667592287063599,-0.16876399517059326,-0.13766366243362427,-0.18590902537107468,-0.1670818328857422,-0.10276640951633453,-0.043779194355010986,-0.1349976360797882,-0.06974524259567261,-0.1540358066558838,-0.09575814008712769,-0.16963353753089905,-0.12122935056686401
3,0.0,0.0,-0.01164466142654419,-0.07011282444000244,-0.05211454629898071,-0.11148792505264282,-0.08179618418216705,-0.13168400526046753,-0.1058085560798645,-0.15101981163024902,-0.1090707778930664,-0.10323536396026611,-0.14820221066474915,-0.13516777753829956,-0.16732800006866455,-0.1637279987335205,-0.18288388848304749,-0.18935531377792358,-0.11484308540821075,-0.08671623468399048,-0.15721093118190765,-0.12379002571105957,-0.18066240847110748,-0.15863913297653198,-0.20038211345672607,-0.1903437376022339,-0.1146540641784668,-0.06616950035095215,-0.1584928184747696,-0.10055238008499146,-0.18184393644332886,-0.13146144151687622,-0.20053554326295853,-0.16009551286697388,-0.10904279351234436,-0.04024851322174072,-0.143583744764328,-0.06490474939346313,-0.1643846333026886,-0.09022468328475952,-0.18154838681221008,-0.1145903468132019
3,0.0,0.0,-0.011300832033157349,-0.071194589138031,-0.05039915442466736,-0.1112440824508667,-0.07960417866706848,-0.12941181659698486,-0.10338154435157776,-0.14920562505722046,-0.10870251059532166,-0.10139626264572144,-0.14780858159065247,-0.13421529531478882,-0.16813057661056519,-0.1622253656387329,-0.18504485487937927,-0.18682026863098145,-0.1146363615989685,-0.08526372909545898,-0.15662947297096252,-0.12238311767578125,-0.18057428300380707,-0.15607351064682007,-0.20050439983606339,-0.18654870986938477,-0.11494418978691101,-0.06502819061279297,-0.1580691635608673,-0.09976708889007568,-0.1818789839744568,-0.12992513179779053,-0.20104476064443588,-0.15737426280975342,-0.10985013842582703,-0.0395280122756958,-0.14475131034851074,-0.06576275825500488,-0.16600844264030457,-0.09017014503479004,-0.1840740516781807,-0.11336994171142578
3,0.0,0.0,-0.013580888509750366,-0.07127583026885986,-0.05263736844062805,-0.1092880368232727,-0.08080068230628967,-0.12636321783065796,-0.10475048422813416,-0.1449071764945984,-0.1126432716846466,-0.09792912006378174,-0.15369050204753876,-0.12938594818115234,-0.17467856407165527,-0.15718042850494385,-0.1915431171655655,-0.18170201778411865,-0.11768615245819092,-0.08245396614074707,-0.16125653684139252,-0.11681163311004639,-0.18610093742609024,-0.1493302583694458,-0.20637811720371246,-0.17909538745880127,-0.11673113703727722,-0.06332015991210938,-0.1609089970588684,-0.0955122709274292,-0.18571407347917557,-0.1251438856124878,-0.205720916390419,-0.15238434076309204,-0.10982188582420349,-0.0392380952835083,-0.14637306332588196,-0.0623207688331604,-0.1688847839832306,-0.08639919757843018,-0.18797150254249573,-0.10992711782455444
3,0.0,0.0,-0.01165992021560669,-0.06771421432495117,-0.051363080739974976,-0.10492032766342163,-0.0796559751033783,-0.12109172344207764,-0.10317939519882202,-0.13619393110275269,-0.11262120306491852,-0.09452277421951294,-0.1519591212272644,-0.1242990493774414,-0.17294174432754517,-0.15064162015914917,-0.19024326652288437,-0.17403310537338257,-0.11902880668640137,-0.07998740673065186,-0.16127043962478638,-0.11368334293365479,-0.18543143570423126,-0.1452370285987854,-0.2052444964647293,-0.17484527826309204,-0.12020131945610046,-0.061610519886016846,-0.16263920068740845,-0.09382086992263794,-0.186921626329422,-0.12224692106246948,-0.20663417130708694,-0.1485477089881897,-0.115822434425354,-0.03814208507537842,-0.15021900832653046,-0.06307607889175415,-0.17227298021316528,-0.08614826202392578,-0.19120193272829056,-0.10817444324493408
3,0.0,0.0,-0.013331979513168335,-0.07114148139953613,-0.05290466547012329,-0.1074531078338623,-0.0806884914636612,-0.12320512533187866,-0.10242581367492676,-0.1363292932510376,-0.11420714855194092,-0.09558093547821045,-0.1558319330215454,-0.123279869556427,-0.17810139060020447,-0.14829301834106445,-0.19593816250562668,-0.17094212770462036,-0.11973291635513306,-0.08049893379211426,-0.1650591492652893,-0.11203616857528687,-0.19071415066719055,-0.14178681373596191,-0.21150615066289902,-0.16971981525421143,-0.11966167390346527,-0.06145894527435303,-0.16575291752815247,-0.0899016261100769,-0.1914660781621933,-0.11584323644638062,-0.21234267950057983,-0.1405717134475708,-0.11329326033592224,-0.03755098581314087,-0.15101073682308197,-0.0596199631690979,-0.17383727431297302,-0.0816386342048645,-0.19323240965604782,-0.10363012552261353
3,0.0,0.0,-0.013507574796676636,-0.06883502006530762,-0.052468717098236084,-0.10337585210800171,-0.07899467647075653,-0.11893647909164429,-0.10175347328186035,-0.13343113660812378,-0.11564195156097412,-0.09117186069488525,-0.15656931698322296,-0.11881661415100098,-0.17864663153886795,-0.14402693510055542,-0.19622963666915894,-0.1670815348625183,-0.12176226079463959,-0.07700812816619873,-0.16642698645591736,-0.10785698890686035,-0.19188277423381805,-0.13770192861557007,-0.21219033747911453,-0.1661563515663147,-0.12225903570652008,-0.05922418832778931,-0.16768485307693481,-0.08723300695419312,-0.19296342879533768,-0.11366254091262817,-0.21333466470241547,-0.13895243406295776,-0.11627073585987091,-0.03684699535369873,-0.15384072065353394,-0.05768311023712158,-0.17615331709384918,-0.0797688364982605,-0.1947546750307083,-0.10238319635391235
3,0.0,0.0,-0.014860868453979492,-0.06708574295043945,-0.05442732572555542,-0.0996556282043457,-0.08138558268547058,-0.11441624164581299,-0.10224586725234985,-0.12953132390975952,-0.11781436204910278,-0.08664464950561523,-0.15849703550338745,-0.11505937576293945,-0.18014569580554962,-0.14014184474945068,-0.19796540588140488,-0.16288256645202637,-0.12363971769809723,-0.07196658849716187,-0.16837407648563385,-0.10175788402557373,-0.19374927878379822,-0.13128530979156494,-0.2143988311290741,-0.1589028239250183,-0.12365521490573883,-0.053758323192596436,-0.1692344695329666,-0.0816490650177002,-0.19534752517938614,-0.10862010717391968,-0.21658522635698318,-0.1334204077720642,-0.11707073450088501,-0.03148287534713745,-0.1535797268152237,-0.05397385358810425,-0.17633060365915298,-0.07550942897796631,-0.1959896832704544,-0.09630793333053589
3,0.0,0.0,-0.013419151306152344,-0.06785905361175537,-0.05304783582687378,-0.10196900367736816,-0.08043159544467926,-0.11749941110610962,-0.10215376317501068,-0.1320675015449524,-0.11610192060470581,-0.08794993162155151,-0.15691915154457092,-0.11625564098358154,-0.17885734140872955,-0.14166516065597534,-0.19674433767795563,-0.1645878553390503,-0.12220975756645203,-0.07343757152557373,-0.1663046032190323,-0.10399848222732544,-0.19161231815814972,-0.13346463441848755,-0.21235518902540207,-0.16089916229248047,-0.12286148965358734,-0.055371761322021484,-0.1679832637310028,-0.08433198928833008,-0.19400256872177124,-0.11082416772842407,-0.2152298539876938,-0.13514256477355957,-0.11736814677715302,-0.03264725208282471,-0.1539584994316101,-0.05547982454299927,-0.17663489282131195,-0.07723462581634521,-0.1960952803492546,-0.0983271598815918
3,0.0,0.0,-0.004661768674850464,-0.07320141792297363,-0.037226855754852295,-0.12413597106933594,-0.06416293978691101,-0.15110808610916138,-0.08693920075893402,-0.17791438102722168,-0.09503772854804993,-0.11743921041488647,-0.1302446573972702,-0.15136229991912842,-0.14811259508132935,-0.18079519271850586,-0.16249220073223114,-0.20760947465896606,-0.10256141424179077,-0.0997130274772644,-0.13913685083389282,-0.13730335235595703,-0.15940852463245392,-0.1721157431602478,-0.17531517148017883,-0.20530635118484497,-0.1041397750377655,-0.07690012454986572,-0.1420275717973709,-0.11363786458969116,-0.16266503930091858,-0.14573901891708374,-0.17854243516921997,-0.1758670210838318,-0.10026469826698303,-0.04746276140213013,-0.13201811909675598,-0.0765451192855835,-0.1505851149559021,-0.10353612899780273,-0.16580326855182648,-0.12941110134124756
3,0.0,0.0,-0.012200623750686646,-0.06994640827178955,-0.05023571848869324,-0.10596853494644165,-0.07820799946784973,-0.12348818778991699,-0.099739670753479,-0.13987064361572266,-0.11822053790092468,-0.07723170518875122,-0.16645634174346924,-0.09381592273712158,-0.19411206245422363,-0.10951054096221924,-0.21773478388786316,-0.12334209680557251,-0.12557247281074524,-0.056320130825042725,-0.17923063039779663,-0.07676124572753906,-0.21365023404359818,-0.09548819065093994,-0.2423938661813736,-0.11171668767929077,-0.125033438205719,-0.032688140869140625,-0.17777803540229797,-0.051811397075653076,-0.21033534407615662,-0.06793808937072754,-0.23738190531730652,-0.08385145664215088,-0.11660639941692352,-0.004655778408050537,-0.15898014605045319,-0.016018331050872803,-0.18514391779899597,-0.029483675956726074,-0.20810701698064804,-0.044151484966278076
3,0.0,0.0,-0.010646462440490723,-0.06901109218597412,-0.048493847250938416,-0.10656213760375977,-0.07857570052146912,-0.12359565496444702,-0.10171908140182495,-0.1405596137046814,-0.11717402935028076,-0.0777362585067749,-0.1656448021531105,-0.09462976455688477,-0.19327368587255478,-0.11131197214126587,-0.21659167855978012,-0.12592285871505737,-0.12493517994880676,-0.0565456748008728,-0.17813532799482346,-0.07681077718734741,-0.21202759444713593,-0.09642934799194336,-0.24008874595165253,-0.11358052492141724,-0.12482863664627075,-0.03324955701828003,-0.17658095806837082,-0.052731454372406006,-0.20866509526968002,-0.06914311647415161,-0.2351255863904953,-0.08549928665161133,-0.11677186191082001,-0.005886375904083252,-0.15839526057243347,-0.01767653226852417,-0.1837487816810608,-0.031296491622924805,-0.20582856237888336,-0.04635852575302124
3,0.0,0.0,-0.015703529119491577,-0.06689232587814331,-0.057241931557655334,-0.09722810983657837,-0.08541561663150787,-0.110512375831604,-0.10645978152751923,-0.1246986985206604,-0.12310172617435455,-0.08019554615020752,-0.16972454637289047,-0.09837514162063599,-0.1975715011358261,-0.11749482154846191,-0.2199283316731453,-0.13332122564315796,-0.12818610668182373,-0.0640953779220581,-0.17897316813468933,-0.08527511358261108,-0.21198299527168274,-0.10714387893676758,-0.23918768763542175,-0.12623804807662964,-0.1261376142501831,-0.04545062780380249,-0.17706993967294693,-0.06472635269165039,-0.20786511152982712,-0.08289623260498047,-0.23330195248126984,-0.10038292407989502,-0.11629238724708557,-0.023092150688171387,-0.1551574468612671,-0.0379146933555603,-0.18066056817770004,-0.05336219072341919,-0.2022809386253357,-0.06850111484527588
3,0.0,0.0,-0.014550715684890747,-0.07071304321289062,-0.055776506662368774,-0.10497307777404785,-0.0849856287240982,-0.11980468034744263,-0.10801088809967041,-0.13175135850906372,-0.12030179798603058,-0.08670806884765625,-0.16735587269067764,-0.10623836517333984,-0.19476918876171112,-0.12651455402374268,-0.2168663814663887,-0.14372265338897705,-0.12596163153648376,-0.06986671686172485,-0.17665136605501175,-0.09254443645477295,-0.2089812010526657,-0.11520391702651978,-0.23552200198173523,-0.1353086233139038,-0.12457478046417236,-0.050096988677978516,-0.1752707064151764,-0.07216674089431763,-0.20577815920114517,-0.09058517217636108,-0.2308574616909027,-0.10821032524108887,-0.11565576493740082,-0.026269257068634033,-0.15457160770893097,-0.04275321960449219,-0.18067636340856552,-0.058804333209991455,-0.20313528925180435,-0.07472372055053711
2,0.0,0.0,0.04400348663330078,-0.06017601490020752,0.07801234722137451,-0.13179421424865723,0.09398385882377625,-0.19690632820129395,0.09376224875450134,-0.2645690441131592,0.024794429540634155,-0.10050541162490845,0.11723098158836365,-0.05505681037902832,0.10047748684883118,-0.033978939056396484,0.06839221715927124,-0.04628556966781616,0.0025642812252044678,-0.04529601335525513,0.1051766574382782,0.000654757022857666,0.08331561088562012,0.007233977317810059,0.05422317981719971,-0.006208539009094238,-0.005191415548324585,0.007962524890899658,0.09405356645584106,0.04337179660797119,0.07457992434501648,0.0479007363319397,0.050935328006744385,0.03772372007369995,-0.002390056848526001,0.05399155616760254,0.07544758915901184,0.07985472679138184,0.06363153457641602,0.07997304201126099,0.039819300174713135,0.07336026430130005
2,0.0,0.0,0.043931394815444946,-0.06031543016433716,0.07796871662139893,-0.1342903971672058,0.09618198871612549,-0.20185118913650513,0.10144445300102234,-0.27157825231552124,0.02803969383239746,-0.10867434740066528,0.12226760387420654,-0.06085258722305298,0.10505259037017822,-0.039855360984802246,0.07130154967308044,-0.05285179615020752,0.005083143711090088,-0.05352914333343506,0.10903674364089966,-0.007005095481872559,0.08694204688072205,-0.00025969743728637695,0.0568261444568634,-0.012891173362731934,-0.003696829080581665,0.0009306073188781738,0.09676128625869751,0.03582948446273804,0.07732352614402771,0.04076129198074341,0.05299198627471924,0.03110957145690918,-0.0014072954654693604,0.048567771911621094,0.0767831802368164,0.07307755947113037,0.06586110591888428,0.07255655527114868,0.042318135499954224,0.06561225652694702
2,0.0,0.0,0.04602092504501343,-0.0662386417388916,0.07830101251602173,-0.14197218418121338,0.09419962763786316,-0.20915761590003967,0.0954827070236206,-0.27819588780403137,0.02499261498451233,-0.11546802520751953,0.11653414368629456,-0.0698239803314209,0.10149765014648438,-0.043294310569763184,0.07038170099258423,-0.053192317485809326,0.002727001905441284,-0.061109721660614014,0.10437726974487305,-0.014380872249603271,0.08393794298171997,-0.003036320209503174,0.05545768141746521,-0.015805184841156006,-0.005107372999191284,-0.007533073425292969,0.0940033495426178,0.029083847999572754,0.07612761855125427,0.03806936740875244,0.05287471413612366,0.029585838317871094,-0.002071976661682129,0.03919816017150879,0.07661330699920654,0.0668841004371643,0.0667535662651062,0.06963968276977539,0.04401692748069763,0.06372737884521484
2,0.0,0.0,0.04444769024848938,-0.06758701801300049,0.07941314578056335,-0.14456337690353394,0.0971297025680542,-0.21380570530891418,0.09845441579818726,-0.28365951776504517,0.02673870325088501,-0.12342840433120728,0.12119638919830322,-0.07780176401138306,0.10393190383911133,-0.05135256052017212,0.07190686464309692,-0.0627511739730835,0.005162268877029419,-0.0683637261390686,0.10870599746704102,-0.02108466625213623,0.08648967742919922,-0.00925743579864502,0.05825987458229065,-0.022497832775115967,-0.0031442642211914062,-0.013284265995025635,0.0966995358467102,0.022158503532409668,0.0771746039390564,0.03193521499633789,0.05403953790664673,0.023173987865447998,-0.0009106695652008057,0.03494727611541748,0.07807943224906921,0.060452163219451904,0.06625550985336304,0.06376159191131592,0.04200229048728943,0.0574069619178772
2,0.0,0.0,0.048051685094833374,-0.07441294193267822,0.0821642279624939,-0.15704768896102905,0.0990622341632843,-0.22924694418907166,0.10404765605926514,-0.30118268728256226,0.02789682149887085,-0.13417941331863403,0.12231594324111938,-0.08577346801757812,0.10672670602798462,-0.05974012613296509,0.07499620318412781,-0.07081294059753418,0.006992846727371216,-0.07732075452804565,0.11177757382392883,-0.03132212162017822,0.09185823798179626,-0.020853161811828613,0.06377846002578735,-0.03401225805282593,-0.0004681050777435303,-0.02101081609725952,0.10179150104522705,0.014310479164123535,0.0844331681728363,0.02083688974380493,0.06152603030204773,0.010033726692199707,0.003967255353927612,0.028733015060424805,0.08567923307418823,0.052734196186065674,0.07704082131385803,0.052476465702056885,0.054417163133621216,0.04357743263244629
4,0.0,0.0,0.01737731695175171,-0.10782700777053833,0.06585660576820374,-0.19593149423599243,0.11911517381668091,-0.22561883926391602,0.14369118213653564,-0.2203233242034912,0.011905580759048462,-0.21547198295593262,0.10585007071495056,-0.27204373478889465,0.16333916783332825,-0.27091819047927856,0.17752104997634888,-0.23876479268074036,0.017212241888046265,-0.12386196851730347,0.17769688367843628,-0.16659802198410034,0.1742836833000183,-0.1520434021949768,0.12462681531906128,-0.1374722123146057,0.03999966382980347,-0.03723037242889404,0.18601834774017334,-0.08589255809783936,0.17516201734542847,-0.08267635107040405,0.1333988904953003,-0.0792589783668518,0.06831610202789307,0.037437260150909424,0.1821388602256775,-0.01671379804611206,0.1734893023967743,-0.026440143585205078,0.13791188597679138,-0.023261427879333496
4,0.0,0.0,0.016137301921844482,-0.11252158880233765,0.06304141879081726,-0.20688313245773315,0.11991354823112488,-0.23914626240730286,0.14762425422668457,-0.23530158400535583,0.00976032018661499,-0.2161129117012024,0.10754266381263733,-0.28333979845046997,0.16760176420211792,-0.2782258987426758,0.18530040979385376,-0.2421511709690094,0.015021741390228271,-0.12540572881698608,0.17867213487625122,-0.17288589477539062,0.17293372750282288,-0.15136080980300903,0.12420085072517395,-0.13365435600280762,0.03924104571342468,-0.04057592153549194,0.18628346920013428,-0.0932537317276001,0.1750773787498474,-0.08585035800933838,0.1323283314704895,-0.07901298999786377,0.06948015093803406,0.03116399049758911,0.18288469314575195,-0.024981677532196045,0.1726716160774231,-0.03178185224533081,0.1345348358154297,-0.025802433490753174
4,0.0,0.0,0.01670229434967041,-0.11120575666427612,0.0659235417842865,-0.20387506484985352,0.12522143125534058,-0.23126369714736938,0.14468058943748474,-0.22397011518478394,0.010719656944274902,-0.21879374980926514,0.12074580788612366,-0.2820057272911072,0.17550677061080933,-0.27056023478507996,0.18439936637878418,-0.23157036304473877,0.014453232288360596,-0.1278461217880249,0.1764514446258545,-0.17215824127197266,0.168806791305542,-0.1474655270576477,0.12080252170562744,-0.1285572648048401,0.03619125485420227,-0.042978763580322266,0.18370187282562256,-0.08879411220550537,0.1694333255290985,-0.08059132099151611,0.12437009811401367,-0.07100564241409302,0.0655079185962677,0.03040248155593872,0.18199068307876587,-0.023038208484649658,0.17195940017700195,-0.032280802726745605,0.1339271068572998,-0.027827799320220947
4,0.0,0.0,0.016059458255767822,-0.11155045032501221,0.0660124123096466,-0.2043149173259735,0.12592464685440063,-0.23137801885604858,0.14569607377052307,-0.22127920389175415,0.0114116370677948,-0.21765106916427612,0.12348669767379761,-0.27753734588623047,0.1763797104358673,-0.26762646436691284,0.18194076418876648,-0.23108762502670288,0.015857309103012085,-0.12768900394439697,0.17814627289772034,-0.17062866687774658,0.17018717527389526,-0.14720159769058228,0.12136843800544739,-0.12873470783233643,0.03803122043609619,-0.04365342855453491,0.18483218550682068,-0.08890801668167114,0.17000722885131836,-0.08143067359924316,0.12477582693099976,-0.0715491771697998,0.06794524192810059,0.02905571460723877,0.1834697425365448,-0.02369469404220581,0.17233619093894958,-0.0326235294342041,0.13416770100593567,-0.027444005012512207
4,0.0,0.0,0.016923755407333374,-0.1119047999382019,0.065880686044693,-0.20857182145118713,0.12783104181289673,-0.2388964295387268,0.14950528740882874,-0.2260594666004181,0.013053178787231445,-0.22062066197395325,0.12444019317626953,-0.28484001755714417,0.17968440055847168,-0.2750549018383026,0.1892509162425995,-0.23621851205825806,0.018049389123916626,-0.12898236513137817,0.18343988060951233,-0.17359274625778198,0.17372426390647888,-0.15218335390090942,0.12545481324195862,-0.13587242364883423,0.04134747385978699,-0.04391670227050781,0.18792304396629333,-0.09285348653793335,0.17441612482070923,-0.08763617277145386,0.1315898299217224,-0.08029741048812866,0.07190287113189697,0.029269099235534668,0.18580636382102966,-0.028758883476257324,0.17416390776634216,-0.03944206237792969,0.13750877976417542,-0.03580451011657715
4,0.0,0.0,0.014911741018295288,-0.1120794415473938,0.061187535524368286,-0.20209956169128418,0.11739906668663025,-0.2327038049697876,0.1459224820137024,-0.23489362001419067,0.009874463081359863,-0.2149796485900879,0.10590258240699768,-0.2802620530128479,0.16637465357780457,-0.2767769694328308,0.18687641620635986,-0.24236974120140076,0.015446662902832031,-0.12467682361602783,0.1789841651916504,-0.171328604221344,0.17469066381454468,-0.15265023708343506,0.12739461660385132,-0.13578402996063232,0.04014921188354492,-0.04044008255004883,0.18676406145095825,-0.09196442365646362,0.17698973417282104,-0.0890548825263977,0.13569295406341553,-0.08398008346557617,0.07023665308952332,0.030290305614471436,0.18324512243270874,-0.024505317211151123,0.17390510439872742,-0.0340883731842041,0.13714143633842468,-0.029654622077941895
4,0.0,0.0,0.016742438077926636,-0.11048614978790283,0.06396138668060303,-0.19938328862190247,0.11832088232040405,-0.22752508521080017,0.14513838291168213,-0.22090798616409302,0.008977681398391724,-0.20549434423446655,0.10632625222206116,-0.2723044753074646,0.167154461145401,-0.268410861492157,0.18820950388908386,-0.23299109935760498,0.014995992183685303,-0.11508011817932129,0.17862436175346375,-0.16249966621398926,0.1739812195301056,-0.1445530652999878,0.1265522837638855,-0.12684500217437744,0.039234280586242676,-0.0311586856842041,0.18683084845542908,-0.08351534605026245,0.1759655773639679,-0.07980114221572876,0.13399016857147217,-0.07271337509155273,0.06968504190444946,0.03941160440444946,0.18302574753761292,-0.015973210334777832,0.17337805032730103,-0.02516406774520874,0.13583406805992126,-0.018339574337005615
4,0.0,0.0,0.017149776220321655,-0.11044543981552124,0.06748524308204651,-0.20343080163002014,0.12640854716300964,-0.22995716333389282,0.14817824959754944,-0.21662119030952454,0.011757105588912964,-0.20660382509231567,0.11694711446762085,-0.2688937783241272,0.17334836721420288,-0.26191386580467224,0.18701711297035217,-0.2267007827758789,0.016430586576461792,-0.1157945990562439,0.177198588848114,-0.1592264175415039,0.16864857077598572,-0.13994544744491577,0.12037870287895203,-0.12368941307067871,0.03921517729759216,-0.032685816287994385,0.18359151482582092,-0.08086192607879639,0.17070803046226501,-0.07501101493835449,0.12924227118492126,-0.06735759973526001,0.06927850842475891,0.03812527656555176,0.18160167336463928,-0.0161781907081604,0.17034706473350525,-0.023766636848449707,0.13352125883102417,-0.01673644781112671
4,0.0,0.0,0.016928791999816895,-0.10955172777175903,0.06726959347724915,-0.20119166374206543,0.12702742218971252,-0.22965455055236816,0.1455514132976532,-0.22745084762573242,0.011445164680480957,-0.21775516867637634,0.12281376123428345,-0.2769777774810791,0.17646518349647522,-0.26730695366859436,0.18316581845283508,-0.231755793094635,0.015934914350509644,-0.12676185369491577,0.17731276154518127,-0.16767209768295288,0.16962063312530518,-0.14574086666107178,0.12078788876533508,-0.1289929747581482,0.03839746117591858,-0.04268854856491089,0.18316128849983215,-0.08801668882369995,0.17088735103607178,-0.08150839805603027,0.12813588976860046,-0.07361346483230591,0.06826072931289673,0.028617441654205322,0.18150582909584045,-0.022465109825134277,0.17129594087600708,-0.03130972385406494,0.1351391077041626,-0.027124524116516113
4,0.0,0.0,0.01726362109184265,-0.10998022556304932,0.06674852967262268,-0.2034742832183838,0.12854620814323425,-0.23152586817741394,0.15182417631149292,-0.22483843564987183,0.014129698276519775,-0.21914589405059814,0.12431246042251587,-0.2814662456512451,0.17875456809997559,-0.2711372971534729,0.18828743696212769,-0.2324938178062439,0.018618524074554443,-0.12871676683425903,0.18202245235443115,-0.1703372597694397,0.1737978160381317,-0.1476452350616455,0.12637576460838318,-0.13157498836517334,0.04149577021598816,-0.04425603151321411,0.1861635446548462,-0.09011304378509521,0.17399707436561584,-0.08503127098083496,0.13226109743118286,-0.07889705896377563,0.07192817330360413,0.02905094623565674,0.18463492393493652,-0.02691328525543213,0.1738954484462738,-0.03691297769546509,0.13833478093147278,-0.033692896366119385
4,0.0,0.0,0.0013239383697509766,-0.09174329042434692,0.0522322952747345,-0.17609107494354248,0.11175289750099182,-0.2051788866519928,0.14534327387809753,-0.18996620178222656,0.009079784154891968,-0.18021118640899658,0.11389398574829102,-0.25162360072135925,0.1481548249721527,-0.25102463364601135,0.14589479565620422,-0.22539645433425903,0.02912086248397827,-0.10173380374908447,0.16518118977546692,-0.1470397710800171,0.15214964747428894,-0.14099359512329102,0.1097048819065094,-0.12654197216033936,0.0544145405292511,-0.027660667896270752,0.17598482966423035,-0.08062958717346191,0.15378114581108093,-0.08231109380722046,0.11627095937728882,-0.07190799713134766,0.08118456602096558,0.034346938133239746,0.16915753483772278,-0.022565782070159912,0.15343275666236877,-0.03423863649368286,0.12017837166786194,-0.024816691875457764
4,0.0,0.0,0.004382342100143433,-0.09185898303985596,0.05478718876838684,-0.17563432455062866,0.11512601375579834,-0.20724761486053467,0.15752699971199036,-0.19731158018112183,0.010498046875,-0.18206346035003662,0.11362901329994202,-0.24950489401817322,0.15855318307876587,-0.2526392340660095,0.1652817726135254,-0.2289423942565918,0.027450740337371826,-0.10515981912612915,0.16721493005752563,-0.14799338579177856,0.16864275932312012,-0.15146023035049438,0.13287869095802307,-0.1451905369758606,0.05182310938835144,-0.03194981813430786,0.1809990406036377,-0.08409804105758667,0.16702407598495483,-0.09185773134231567,0.13043862581253052,-0.08548808097839355,0.07858636975288391,0.029561519622802734,0.17390400171279907,-0.024401962757110596,0.16293656826019287,-0.039154112339019775,0.13043799996376038,-0.03340470790863037
4,0.0,0.0,0.0020012259483337402,-0.07241219282150269,0.03627154231071472,-0.14976632595062256,0.08236441016197205,-0.18511724472045898,0.10688427090644836,-0.18615293502807617,0.0071572959423065186,-0.16503196954727173,0.08799248933792114,-0.22283315658569336,0.12382298707962036,-0.2091047167778015,0.12697362899780273,-0.1795254945755005,0.0153425931930542,-0.1067802906036377,0.12652680277824402,-0.14820319414138794,0.11620935797691345,-0.12397664785385132,0.08003968000411987,-0.11187481880187988,0.03515219688415527,-0.05107825994491577,0.1345553696155548,-0.09236353635787964,0.12021395564079285,-0.07577186822891235,0.08856227993965149,-0.06636559963226318,0.058527082204818726,-0.002848207950592041,0.1322629451751709,-0.04675215482711792,0.11896222829818726,-0.03791326284408569,0.09314653277397156,-0.028119266033172607
4,0.0,0.0,0.002584308385848999,-0.07446134090423584,0.03505542874336243,-0.1528429388999939,0.0790867805480957,-0.18933987617492676,0.10402151942253113,-0.18991965055465698,0.005382716655731201,-0.16538041830062866,0.08071747422218323,-0.22594541311264038,0.12069153785705566,-0.2193027138710022,0.12776261568069458,-0.19111520051956177,0.012444466352462769,-0.10795801877975464,0.12400901317596436,-0.15061306953430176,0.11652630567550659,-0.1285192370414734,0.08209681510925293,-0.1140853762626648,0.031707555055618286,-0.052423834800720215,0.13184311985969543,-0.09585040807723999,0.12012842297554016,-0.07972711324691772,0.08950060606002808,-0.06751376390457153,0.05602583289146423,-0.0032873153686523438,0.1325886845588684,-0.04892396926879883,0.12078967690467834,-0.04254329204559326,0.09435516595840454,-0.03205227851867676
4,0.0,0.0,-9.173154830932617e-05,-0.06978493928909302,0.033502399921417236,-0.14480751752853394,0.07947158813476562,-0.18307417631149292,0.10552641749382019,-0.1949273943901062,0.004116654396057129,-0.1723894476890564,0.08590003848075867,-0.23429018259048462,0.12136596441268921,-0.21684199571609497,0.12435758113861084,-0.1861579418182373,0.012981623411178589,-0.11672520637512207,0.1239342987537384,-0.15556353330612183,0.11377021670341492,-0.12346035242080688,0.07661327719688416,-0.1077578067779541,0.032963722944259644,-0.06178569793701172,0.13275253772735596,-0.09774333238601685,0.11733531951904297,-0.07354456186294556,0.08594906330108643,-0.06205737590789795,0.05647552013397217,-0.012208342552185059,0.13053181767463684,-0.05087631940841675,0.11656895279884338,-0.03704965114593506,0.08964890241622925,-0.02677243947982788
4,0.0,0.0,0.0038746297359466553,-0.07508260011672974,0.03723594546318054,-0.15345966815948486,0.08125743269920349,-0.19116747379302979,0.10506829619407654,-0.19687092304229736,0.004485279321670532,-0.17205458879470825,0.08070313930511475,-0.23439031839370728,0.12366858124732971,-0.22889375686645508,0.13460800051689148,-0.20012784004211426,0.011481404304504395,-0.11262214183807373,0.12865492701530457,-0.15750879049301147,0.12044930458068848,-0.1321846842765808,0.08492153882980347,-0.11640101671218872,0.03200262784957886,-0.054669976234436035,0.1356896460056305,-0.09899955987930298,0.12414446473121643,-0.08050769567489624,0.09280800819396973,-0.06693339347839355,0.05696782469749451,-0.00396728515625,0.13576093316078186,-0.051149964332580566,0.12422966957092285,-0.04280531406402588,0.09763175249099731,-0.030775725841522217
4,0.0,0.0,0.010267406702041626,-0.09212386608123779,0.056840211153030396,-0.16904354095458984,0.11189162731170654,-0.19011187553405762,0.13915002346038818,-0.18265646696090698,0.014772653579711914,-0.17594373226165771,0.11000332236289978,-0.22591418027877808,0.15652680397033691,-0.22490465641021729,0.16824108362197876,-0.1982538104057312,0.02143874764442444,-0.09582197666168213,0.16098105907440186,-0.13183432817459106,0.15130814909934998,-0.12462484836578369,0.11061963438987732,-0.1123197078704834,0.04095134139060974,-0.02251458168029785,0.16774415969848633,-0.06604921817779541,0.15390515327453613,-0.06704920530319214,0.11846095323562622,-0.05800408124923706,0.06512889266014099,0.03928840160369873,0.16193297505378723,-0.009824693202972412,0.15026161074638367,-0.019647538661956787,0.11899518966674805,-0.010834097862243652
4,0.0,0.0,0.009433627128601074,-0.09101033210754395,0.05621710419654846,-0.1712815761566162,0.11170735955238342,-0.2023782730102539,0.15343469381332397,-0.1973811388015747,0.01873716711997986,-0.18838810920715332,0.12000986933708191,-0.2420203685760498,0.17054849863052368,-0.2324361801147461,0.18133503198623657,-0.1992374062538147,0.02687087655067444,-0.11146706342697144,0.1701648235321045,-0.14611440896987915,0.16409331560134888,-0.13373935222625732,0.12315073609352112,-0.12009608745574951,0.04680994153022766,-0.035085201263427734,0.17707884311676025,-0.07414716482162476,0.16042828559875488,-0.07271158695220947,0.12186500430107117,-0.06531202793121338,0.06967121362686157,0.0308876633644104,0.16900330781936646,-0.012042224407196045,0.1601760983467102,-0.022023797035217285,0.12920546531677246,-0.016238629817962646
4,0.0,0.0,0.008862167596817017,-0.08656281232833862,0.05356568098068237,-0.1629265546798706,0.10772198438644409,-0.19592219591140747,0.15189027786254883,-0.2046387791633606,0.015666186809539795,-0.191054105758667,0.10558813810348511,-0.24529671669006348,0.16146618127822876,-0.24306470155715942,0.18285804986953735,-0.21638038754463196,0.02471175789833069,-0.11613678932189941,0.16580051183700562,-0.1455191969871521,0.160350501537323,-0.13233166933059692,0.11962461471557617,-0.11972165107727051,0.04517945647239685,-0.03897547721862793,0.1744917631149292,-0.07528167963027954,0.156358540058136,-0.07072484493255615,0.11814802885055542,-0.06305551528930664,0.06926456093788147,0.029837608337402344,0.16860753297805786,-0.01261228322982788,0.15778005123138428,-0.020156383514404297,0.12643074989318848,-0.014154434204101562
4,0.0,0.0,0.0125180184841156,-0.0932614803314209,0.06107565760612488,-0.17628002166748047,0.11541169881820679,-0.20884981751441956,0.1524038314819336,-0.20544588565826416,0.014538079500198364,-0.1962493360042572,0.11162742972373962,-0.25150781869888306,0.1646135449409485,-0.2489514946937561,0.1782747507095337,-0.21889248490333557,0.024075329303741455,-0.11838102340698242,0.17262184619903564,-0.15006482601165771,0.1661456823348999,-0.13950031995773315,0.12309867143630981,-0.12619060277938843,0.045659005641937256,-0.040274858474731445,0.17948013544082642,-0.08032530546188354,0.16226351261138916,-0.07704544067382812,0.12345466017723083,-0.0692894458770752,0.07043895125389099,0.02869093418121338,0.17331814765930176,-0.01662766933441162,0.162159264087677,-0.025188803672790527,0.12896251678466797,-0.018630266189575195
4,0.0,0.0,0.014400601387023926,-0.0923876166343689,0.06023028492927551,-0.17210829257965088,0.11503729224205017,-0.20619890093803406,0.15471982955932617,-0.20318174362182617,0.013067662715911865,-0.1913265883922577,0.09433525800704956,-0.2512100338935852,0.14976823329925537,-0.2593038082122803,0.17785578966140747,-0.24737972021102905,0.025157511234283447,-0.11745351552963257,0.163718581199646,-0.13992029428482056,0.1738322377204895,-0.13797038793563843,0.146844744682312,-0.1332436203956604,0.04633834958076477,-0.03913813829421997,0.175670325756073,-0.06878215074539185,0.16627877950668335,-0.07489508390426636,0.13342326879501343,-0.07353723049163818,0.07058578729629517,0.03174644708633423,0.1697370409965515,-0.005564272403717041,0.16416043043136597,-0.02100539207458496,0.13684165477752686,-0.018668174743652344
4,0.0,0.0,0.017266839742660522,-0.10625559091567993,0.06358084082603455,-0.18840450048446655,0.11748746037483215,-0.21291238069534302,0.14977750182151794,-0.21502774953842163,0.01697257161140442,-0.20931920409202576,0.10918191075325012,-0.26433905959129333,0.16969367861747742,-0.2592948377132416,0.19066616892814636,-0.22467327117919922,0.01822647452354431,-0.12244349718093872,0.17828324437141418,-0.15850526094436646,0.1822076141834259,-0.14323830604553223,0.1405908167362213,-0.129916250705719,0.0385555624961853,-0.03869706392288208,0.18256661295890808,-0.07765448093414307,0.1759031116962433,-0.07869333028793335,0.13663747906684875,-0.08047056198120117,0.06523457169532776,0.032907307147979736,0.1778160035610199,-0.01256263256072998,0.17156639695167542,-0.023115456104278564,0.13783812522888184,-0.02235513925552368
4,0.0,0.0,0.010718196630477905,-0.11646455526351929,0.06120908260345459,-0.22266244888305664,0.12190306186676025,-0.26147568225860596,0.14975836873054504,-0.2510518729686737,0.014077574014663696,-0.23553451895713806,0.1332734227180481,-0.2967488169670105,0.17483830451965332,-0.26918497681617737,0.1664130687713623,-0.2355833351612091,0.012686491012573242,-0.15016162395477295,0.17363250255584717,-0.1768726110458374,0.1594616174697876,-0.14531409740447998,0.10132774710655212,-0.1360434889793396,0.03012600541114807,-0.0653868317604065,0.17752358317375183,-0.09456926584243774,0.15753710269927979,-0.07840967178344727,0.10944494605064392,-0.07763087749481201,0.05682912468910217,0.010856807231903076,0.17032310366630554,-0.030773282051086426,0.151696115732193,-0.02738112211227417,0.10731548070907593,-0.023659884929656982
4,0.0,0.0,0.0164317786693573,-0.09364742040634155,0.06244966387748718,-0.18209385871887207,0.11992302536964417,-0.2118532657623291,0.16224902868270874,-0.1969335675239563,0.018373429775238037,-0.18101221323013306,0.12662354111671448,-0.23999589681625366,0.17210695147514343,-0.23748403787612915,0.17968636751174927,-0.21184909343719482,0.023929595947265625,-0.10022789239883423,0.176069438457489,-0.14150947332382202,0.16007965803146362,-0.13133841753005981,0.11253434419631958,-0.12116354703903198,0.04409107565879822,-0.022027254104614258,0.18400347232818604,-0.07027864456176758,0.1641044020652771,-0.0662611722946167,0.12280198931694031,-0.057252466678619385,0.0688706636428833,0.04591572284698486,0.17653197050094604,-0.003207564353942871,0.16136735677719116,-0.012497425079345703,0.1254114806652069,-0.005721747875213623
4,0.0,0.0,0.017173856496810913,-0.09768229722976685,0.06349790096282959,-0.1830633282661438,0.12182670831680298,-0.20916235446929932,0.16009703278541565,-0.19849348068237305,0.01744702458381653,-0.18523430824279785,0.1205722987651825,-0.2417910397052765,0.17429640889167786,-0.2402651607990265,0.1893608272075653,-0.21048253774642944,0.023081809282302856,-0.10343217849731445,0.17449995875358582,-0.1414993405342102,0.16455939412117004,-0.13111484050750732,0.12074488401412964,-0.11969959735870361,0.04383382201194763,-0.025904297828674316,0.18168655037879944,-0.07117462158203125,0.1683080494403839,-0.07033836841583252,0.13080984354019165,-0.06365078687667847,0.06950786709785461,0.040973544120788574,0.1764066517353058,-0.006673693656921387,0.1651463806629181,-0.01687777042388916,0.13233935832977295,-0.010464668273925781
4,0.0,0.0,0.013334959745407104,-0.09113729000091553,0.060157567262649536,-0.17432022094726562,0.1175442636013031,-0.20351922512054443,0.16142556071281433,-0.19624418020248413,0.014048516750335693,-0.17657256126403809,0.11395695805549622,-0.23366740345954895,0.16772648692131042,-0.23291200399398804,0.18574371933937073,-0.2061901092529297,0.019894450902938843,-0.09936851263046265,0.17227789759635925,-0.13954812288284302,0.16194099187850952,-0.13026559352874756,0.11671057343482971,-0.11972564458847046,0.04082426428794861,-0.0225638747215271,0.17998990416526794,-0.06698238849639893,0.16428712010383606,-0.06411218643188477,0.12444093823432922,-0.05712473392486572,0.06635084748268127,0.0437583327293396,0.17355522513389587,-0.0007783770561218262,0.1617802381515503,-0.010385632514953613,0.12739995121955872,-0.00594860315322876
2,0.0,0.0,0.007851451635360718,-0.0664244294166565,0.03665313124656677,-0.1539326310157776,0.043857067823410034,-0.2219955325126648,0.035845935344696045,-0.2804567813873291,0.02254927158355713,-0.12736421823501587,0.11771285533905029,-0.13879841566085815,0.10288861393928528,-0.11901599168777466,0.0758359432220459,-0.11411303281784058,0.025942862033843994,-0.07116889953613281,0.1272956132888794,-0.08957606554031372,0.10739940404891968,-0.07390165328979492,0.07482826709747314,-0.06810981035232544,0.03681725263595581,-0.018836379051208496,0.1306852102279663,-0.04317682981491089,0.10891175270080566,-0.031145930290222168,0.07735952734947205,-0.023451030254364014,0.05210751295089722,0.02612173557281494,0.11904275417327881,0.0004887580871582031,0.10230305790901184,0.007058084011077881,0.07610777020454407,0.014713585376739502
2,0.0,0.0,0.014873772859573364,-0.06767922639846802,0.04991021752357483,-0.15613538026809692,0.06339588761329651,-0.2257382869720459,0.05630764365196228,-0.2850816249847412,0.03615039587020874,-0.13350659608840942,0.1314895749092102,-0.13588082790374756,0.11834311485290527,-0.11988615989685059,0.0909469723701477,-0.11718130111694336,0.03684985637664795,-0.0764053463935852,0.13743281364440918,-0.08778989315032959,0.11806005239486694,-0.07555359601974487,0.08606535196304321,-0.07243585586547852,0.04657807946205139,-0.02263498306274414,0.13862544298171997,-0.04130208492279053,0.11686769127845764,-0.03165942430496216,0.08772575855255127,-0.026553988456726074,0.0610925555229187,0.023219645023345947,0.12912839651107788,0.0011330246925354004,0.111361563205719,0.008185267448425293,0.08645278215408325,0.015999257564544678
2,0.0,0.0,0.01313886046409607,-0.06903249025344849,0.04731345176696777,-0.1574265956878662,0.05815368890762329,-0.2267773151397705,0.05159503221511841,-0.2872655391693115,0.03222820162773132,-0.1355646848678589,0.1286625862121582,-0.14016938209533691,0.11343961954116821,-0.12042975425720215,0.08614563941955566,-0.11844903230667114,0.03434175252914429,-0.07854664325714111,0.13708889484405518,-0.09082847833633423,0.11655658483505249,-0.07554888725280762,0.08306276798248291,-0.07235181331634521,0.0443120002746582,-0.02529299259185791,0.13819146156311035,-0.0451350212097168,0.11613905429840088,-0.03282409906387329,0.08474838733673096,-0.02675098180770874,0.05882170796394348,0.0202295184135437,0.1275796890258789,-0.0023221969604492188,0.11077490448951721,0.005733788013458252,0.08467409014701843,0.013035356998443604
2,0.0,0.0,0.012456297874450684,-0.06938159465789795,0.04590928554534912,-0.15694904327392578,0.05794063210487366,-0.22512435913085938,0.052786171436309814,-0.2844540476799011,0.030990123748779297,-0.1356196403503418,0.12728562951087952,-0.14088398218154907,0.1125243604183197,-0.1209210753440857,0.08574771881103516,-0.11819082498550415,0.033279091119766235,-0.07832181453704834,0.13530507683753967,-0.09087890386581421,0.11535173654556274,-0.07551425695419312,0.0822468101978302,-0.07219910621643066,0.04321873188018799,-0.024887561798095703,0.1369401514530182,-0.04457664489746094,0.11498034000396729,-0.032266318798065186,0.08359202742576599,-0.026350736618041992,0.05782437324523926,0.02105647325515747,0.12630900740623474,-0.0012306571006774902,0.10949787497520447,0.006687343120574951,0.0832318365573883,0.01401984691619873
2,0.0,0.0,0.019888848066329956,-0.062453627586364746,0.06367519497871399,-0.1458391547203064,0.0841345489025116,-0.21128857135772705,0.08684805035591125,-0.27095356583595276,0.04982098937034607,-0.13076555728912354,0.13999232649803162,-0.11605221033096313,0.12605080008506775,-0.09780186414718628,0.09906038641929626,-0.09841173887252808,0.04370793700218201,-0.0778924822807312,0.14301905035972595,-0.0664014220237732,0.12203237414360046,-0.05312258005142212,0.088742196559906,-0.05562251806259155,0.04636126756668091,-0.02378082275390625,0.13830921053886414,-0.02017951011657715,0.1153562068939209,-0.011006951332092285,0.08491596579551697,-0.011462688446044922,0.05408945679664612,0.025370419025421143,0.12356659770011902,0.02092874050140381,0.10525831580162048,0.026030302047729492,0.07879316806793213,0.02672046422958374
2,0.0,0.0,0.024977654218673706,-0.06695258617401123,0.061019182205200195,-0.1372407078742981,0.08044895529747009,-0.19522768259048462,0.0853186845779419,-0.25190436840057373,0.04320153594017029,-0.12137007713317871,0.12844771146774292,-0.08295738697052002,0.10933476686477661,-0.06468337774276733,0.08038941025733948,-0.07250446081161499,0.029683709144592285,-0.06816518306732178,0.12086731195449829,-0.03929036855697632,0.09541589021682739,-0.03259843587875366,0.06916478276252747,-0.03829723596572876,0.0239812433719635,-0.014856517314910889,0.10813462734222412,0.0023506879806518555,0.08413970470428467,0.006887495517730713,0.06167083978652954,0.0024756789207458496,0.023355841636657715,0.03178495168685913,0.0891229510307312,0.039355576038360596,0.0724177360534668,0.03869295120239258,0.04989239573478699,0.03457874059677124
2,0.0,0.0,0.029363572597503662,-0.06922394037246704,0.060707926750183105,-0.14146888256072998,0.07959112524986267,-0.2008981704711914,0.08974578976631165,-0.25796639919281006,0.0394802987575531,-0.12635064125061035,0.1234687864780426,-0.08994317054748535,0.10609027743339539,-0.06490463018417358,0.07807472348213196,-0.07473230361938477,0.02414679527282715,-0.07640576362609863,0.11386922001838684,-0.04232746362686157,0.08940526843070984,-0.029607176780700684,0.06473222374916077,-0.04040902853012085,0.01699969172477722,-0.026006102561950684,0.1013462245464325,-0.0009618997573852539,0.07875797152519226,0.008268415927886963,0.057650476694107056,-0.0010142922401428223,0.016439318656921387,0.018968939781188965,0.08007428050041199,0.0369415283203125,0.06526485085487366,0.03893566131591797,0.04341980814933777,0.030622541904449463
2,0.0,0.0,0.027430027723312378,-0.06592690944671631,0.06641954183578491,-0.13853508234024048,0.0881076455116272,-0.19662702083587646,0.09604471921920776,-0.2538008987903595,0.049974024295806885,-0.1294538378715515,0.13643765449523926,-0.08821237087249756,0.11764323711395264,-0.06372284889221191,0.09029781818389893,-0.0714377760887146,0.0342736542224884,-0.07902723550796509,0.12587064504623413,-0.04308384656906128,0.1005089282989502,-0.03162729740142822,0.07435387372970581,-0.03971213102340698,0.02570044994354248,-0.026099205017089844,0.1111985445022583,-0.0010851621627807617,0.08760780096054077,0.007503628730773926,0.06495150923728943,-0.00019168853759765625,0.02366584539413452,0.021724462509155273,0.09140920639038086,0.03761446475982666,0.07567471265792847,0.03820455074310303,0.05273619294166565,0.030186057090759277
2,0.0,0.0,0.030197501182556152,-0.06640982627868652,0.07572433352470398,-0.14214760065078735,0.09921211004257202,-0.2004835605621338,0.10627865791320801,-0.2573390007019043,0.06157228350639343,-0.13459068536758423,0.1487894058227539,-0.09797412157058716,0.12825125455856323,-0.07631325721740723,0.0992366373538971,-0.0840807557106018,0.048586905002593994,-0.0848320722579956,0.14335429668426514,-0.050542235374450684,0.11732572317123413,-0.04047107696533203,0.08899924159049988,-0.04601001739501953,0.042324960231781006,-0.031882524490356445,0.13096892833709717,-0.007265269756317139,0.10533595085144043,-0.0018787980079650879,0.0795716643333435,-0.007398128509521484,0.04083061218261719,0.01649606227874756,0.11211621761322021,0.030385971069335938,0.09371668100357056,0.029900789260864258,0.06828445196151733,0.0244675874710083
2,0.0,0.0,0.01447257399559021,-0.0682520866394043,0.051761478185653687,-0.15374237298965454,0.066130131483078,-0.21998870372772217,0.06420579552650452,-0.27751243114471436,0.040020763874053955,-0.1327141523361206,0.1325553059577942,-0.12875503301620483,0.11666783690452576,-0.11462944746017456,0.08953550457954407,-0.11619299650192261,0.038747429847717285,-0.07644462585449219,0.13748699426651,-0.08247941732406616,0.11724883317947388,-0.0714603066444397,0.08599907159805298,-0.07015019655227661,0.045513540506362915,-0.022838115692138672,0.13777774572372437,-0.036383211612701416,0.11524811387062073,-0.02860081195831299,0.08411183953285217,-0.025854766368865967,0.05725422501564026,0.024281620979309082,0.12598484754562378,0.0060607194900512695,0.10884183645248413,0.009880125522613525,0.08207699656486511,0.014212608337402344
2,0.0,0.0,0.009508371353149414,-0.06831473112106323,0.04091539978981018,-0.15329575538635254,0.04918292164802551,-0.22024285793304443,0.0397663414478302,-0.27617818117141724,0.027426928281784058,-0.13200634717941284,0.12236452102661133,-0.1389986276626587,0.10793295502662659,-0.1204797625541687,0.08139017224311829,-0.11691403388977051,0.030798643827438354,-0.07556259632110596,0.13109636306762695,-0.09250760078430176,0.1133795976638794,-0.07892829179763794,0.0824575424194336,-0.07367587089538574,0.04168817400932312,-0.023447871208190918,0.13432973623275757,-0.04555612802505493,0.1138799786567688,-0.03569263219833374,0.08349382877349854,-0.029655933380126953,0.056865572929382324,0.021120071411132812,0.12481695413589478,-0.003902614116668701,0.11030000448226929,0.0012096166610717773,0.0854840874671936,0.008506059646606445
2,0.0,0.0,0.004756808280944824,-0.06531554460525513,0.028717517852783203,-0.15075385570526123,0.03145018219947815,-0.2155131697654724,0.01952245831489563,-0.2700450122356415,0.010770976543426514,-0.12846016883850098,0.10755524039268494,-0.146309494972229,0.0917191207408905,-0.12344413995742798,0.06356307864189148,-0.11664968729019165,0.016122758388519287,-0.07336270809173584,0.11698940396308899,-0.09750109910964966,0.098592609167099,-0.0783233642578125,0.0665377676486969,-0.07024192810058594,0.029147565364837646,-0.022155046463012695,0.12263843417167664,-0.05159103870391846,0.10230505466461182,-0.03679251670837402,0.07115146517753601,-0.028040826320648193,0.047424644231796265,0.022025346755981445,0.1141381561756134,-0.009284257888793945,0.09998252987861633,-0.0016951560974121094,0.07453516125679016,0.006911754608154297
2,0.0,0.0,-0.008702903985977173,-0.05091261863708496,-0.006227701902389526,-0.12242400646209717,-0.017797499895095825,-0.17980176210403442,-0.03656014800071716,-0.23142725229263306,-0.034047216176986694,-0.08008533716201782,0.06006929278373718,-0.10741591453552246,0.0477469265460968,-0.09092491865158081,0.020911961793899536,-0.08124136924743652,-0.02534964680671692,-0.02104032039642334,0.07191893458366394,-0.061020493507385254,0.05585366487503052,-0.046397387981414795,0.02731117606163025,-0.03423041105270386,-0.005846172571182251,0.027064859867095947,0.08144998550415039,-0.01629006862640381,0.06238597631454468,-0.002283930778503418,0.0347006618976593,0.010356664657592773,0.01826152205467224,0.0650741457939148,0.07890215516090393,0.02565622329711914,0.06349033117294312,0.03558140993118286,0.039527833461761475,0.050850093364715576
2,0.0,0.0,-0.00677838921546936,-0.052219927310943604,-0.004000633955001831,-0.1255454421043396,-0.014147758483886719,-0.1829642653465271,-0.03238007426261902,-0.23524737358093262,-0.026375234127044678,-0.08279615640640259,0.0644846260547638,-0.11274009943008423,0.05463644862174988,-0.09788984060287476,0.02945774793624878,-0.08670639991760254,-0.018793731927871704,-0.024916648864746094,0.07788419723510742,-0.06861448287963867,0.06294971704483032,-0.05327993631362915,0.03562226891517639,-0.0378909707069397,-8.732080459594727e-06,0.022367656230926514,0.08783465623855591,-0.02431774139404297,0.06884858012199402,-0.010810494422912598,0.0418526828289032,0.004400789737701416,0.023675650358200073,0.06063574552536011,0.08757075667381287,0.018255114555358887,0.07057994604110718,0.02654743194580078,0.044136643409729004,0.04245185852050781
2,0.0,0.0,-0.012194782495498657,-0.04809224605560303,-0.018093466758728027,-0.1121705174446106,-0.03535109758377075,-0.1622384786605835,-0.05755561590194702,-0.21145004034042358,-0.05056700110435486,-0.058668434619903564,0.044365525245666504,-0.0949205756187439,0.031682103872299194,-0.07863712310791016,0.0037866830825805664,-0.0673031210899353,-0.0392058789730072,-0.00015175342559814453,0.05977755784988403,-0.052096664905548096,0.04462149739265442,-0.04028618335723877,0.01622551679611206,-0.027350306510925293,-0.01699119806289673,0.04518258571624756,0.07118067145347595,-0.00910484790802002,0.05306318402290344,0.0025023818016052246,0.024905741214752197,0.01707601547241211,0.009164661169052124,0.0791083574295044,0.07068148255348206,0.03231394290924072,0.056269049644470215,0.039951860904693604,0.0314466655254364,0.056817710399627686
2,0.0,0.0,-0.016220957040786743,-0.03885793685913086,-0.025370895862579346,-0.10340374708175659,-0.04363146424293518,-0.15882140398025513,-0.06680208444595337,-0.20875126123428345,-0.04717367887496948,-0.06130087375640869,0.03491613268852234,-0.09622126817703247,0.021073132753372192,-0.07394266128540039,-0.004817605018615723,-0.06242573261260986,-0.03410136699676514,-0.007464051246643066,0.05080384016036987,-0.0537952184677124,0.033453404903411865,-0.03289979696273804,0.007066965103149414,-0.02071094512939453,-0.011716395616531372,0.038045525550842285,0.06543189287185669,-0.00993645191192627,0.045704185962677,0.009854316711425781,0.018977642059326172,0.025524437427520752,0.012289851903915405,0.07376396656036377,0.06446298956871033,0.033327341079711914,0.049822449684143066,0.046942830085754395,0.028409451246261597,0.06306076049804688
2,0.0,0.0,-0.013175010681152344,-0.04660379886627197,-0.018336951732635498,-0.1120532751083374,-0.034076958894729614,-0.16614991426467896,-0.055807024240493774,-0.21633291244506836,-0.04953432083129883,-0.06267505884170532,0.04507637023925781,-0.10084336996078491,0.03286701440811157,-0.08053863048553467,0.005220890045166016,-0.06716471910476685,-0.03572508692741394,-0.004958629608154297,0.06017085909843445,-0.05634117126464844,0.0445864200592041,-0.03894352912902832,0.0159950852394104,-0.024131834506988525,-0.011123329401016235,0.040682971477508545,0.07399401068687439,-0.013523638248443604,0.05457335710525513,0.0032588839530944824,0.026930779218673706,0.019811391830444336,0.017011374235153198,0.07485723495483398,0.07519707083702087,0.027820229530334473,0.059057652950286865,0.04122114181518555,0.035598695278167725,0.06103861331939697
2,0.0,0.0,-0.004833817481994629,-0.05321592092514038,1.3172626495361328e-05,-0.12469571828842163,-0.00808367133140564,-0.1808505654335022,-0.02264946699142456,-0.2324519157409668,-0.02898162603378296,-0.07575839757919312,0.06603455543518066,-0.10021519660949707,0.05504801869392395,-0.08591139316558838,0.027772128582000732,-0.07770204544067383,-0.022603332996368408,-0.016778171062469482,0.07875770330429077,-0.05671513080596924,0.06331905722618103,-0.04485577344894409,0.03413066267967224,-0.03413289785385132,-0.004392385482788086,0.03160971403121948,0.0860460102558136,-0.011516094207763672,0.06693920493125916,0.0003539919853210449,0.03862112760543823,0.012985825538635254,0.019441336393356323,0.07051455974578857,0.08347591757774353,0.030597984790802002,0.06802982091903687,0.038764894008636475,0.042785704135894775,0.05350184440612793
2,0.0,0.0,0.0038138926029205322,-0.0610005259513855,0.01914539933204651,-0.13952761888504028,0.01703706383705139,-0.20179277658462524,0.007839769124984741,-0.25652360916137695,-0.010042518377304077,-0.10513496398925781,0.08828842639923096,-0.12157505750656128,0.07794708013534546,-0.10566794872283936,0.05091264843940735,-0.09813952445983887,-0.007082134485244751,-0.0466805100440979,0.09841650724411011,-0.07600206136703491,0.08241432905197144,-0.062359750270843506,0.05223509669303894,-0.05267739295959473,0.007889211177825928,0.00409853458404541,0.10317867994308472,-0.02994251251220703,0.08383128046989441,-0.01821070909500122,0.05484384298324585,-0.008494794368743896,0.029610514640808105,0.047251343727111816,0.09763440489768982,0.01456373929977417,0.0816967785358429,0.0217435359954834,0.055264681577682495,0.03270810842514038
2,0.0,0.0,0.017015665769577026,-0.06860929727554321,0.05317041277885437,-0.14912188053131104,0.06590244174003601,-0.21397149562835693,0.06378248333930969,-0.27192673087120056,0.03451666235923767,-0.13004010915756226,0.12956607341766357,-0.12677592039108276,0.11481434106826782,-0.10979634523391724,0.08780363202095032,-0.10991495847702026,0.03237193822860718,-0.07455724477767944,0.13441520929336548,-0.07816016674041748,0.11558014154434204,-0.06564676761627197,0.08398512005805969,-0.06513810157775879,0.03880348801612854,-0.021242976188659668,0.134246826171875,-0.030820786952972412,0.11275756359100342,-0.021839797496795654,0.0818219780921936,-0.019481658935546875,0.04983711242675781,0.02513110637664795,0.12025144696235657,0.010865628719329834,0.10471740365028381,0.014835953712463379,0.07916837930679321,0.018885433673858643
2,0.0,0.0,0.018779903650283813,-0.06593888998031616,0.06066054105758667,-0.15157228708267212,0.0804300606250763,-0.21929776668548584,0.08279728889465332,-0.27901431918144226,0.04534024000167847,-0.1379774808883667,0.13776910305023193,-0.1304430365562439,0.12314015626907349,-0.10953688621520996,0.09616908431053162,-0.10856294631958008,0.04135510325431824,-0.08356696367263794,0.14181184768676758,-0.07919764518737793,0.12066993117332458,-0.06305038928985596,0.08776688575744629,-0.06466472148895264,0.046394169330596924,-0.02897888422012329,0.13915467262268066,-0.03221505880355835,0.11636024713516235,-0.02023535966873169,0.08606934547424316,-0.019252538681030273,0.0563054084777832,0.019795119762420654,0.12624934315681458,0.009136080741882324,0.10865822434425354,0.01713728904724121,0.08340150117874146,0.020596325397491455
2,0.0,0.0,0.020999550819396973,-0.06331497430801392,0.0667257308959961,-0.14598315954208374,0.08962294459342957,-0.20895951986312866,0.09034839272499084,-0.2682223916053772,0.04829198122024536,-0.13297969102859497,0.1373884677886963,-0.1171463131904602,0.12510651350021362,-0.09732925891876221,0.09869194030761719,-0.09718036651611328,0.04046371579170227,-0.07939177751541138,0.13993632793426514,-0.06728971004486084,0.12016427516937256,-0.05434143543243408,0.08853310346603394,-0.05632615089416504,0.042044103145599365,-0.025510787963867188,0.13446158170700073,-0.02001279592514038,0.11326617002487183,-0.012504160404205322,0.08528292179107666,-0.016523897647857666,0.04911157488822937,0.023203670978546143,0.1218801736831665,0.019543051719665527,0.10386165976524353,0.023947477340698242,0.07665106654167175,0.021922051906585693
2,0.0,0.0,0.02672266960144043,-0.06636440753936768,0.07071730494499207,-0.142647385597229,0.09480839967727661,-0.2025965452194214,0.09953391551971436,-0.25958800315856934,0.05528858304023743,-0.1304977536201477,0.1413145661354065,-0.10091191530227661,0.12149029970169067,-0.079892098903656,0.09522068500518799,-0.08757835626602173,0.04382738471031189,-0.07906121015548706,0.1382870078086853,-0.05466628074645996,0.1110074520111084,-0.04319167137145996,0.08403301239013672,-0.04773902893066406,0.039533525705337524,-0.026399672031402588,0.12832897901535034,-0.009528636932373047,0.10173720121383667,-0.002933979034423828,0.07727500796318054,-0.007560670375823975,0.04063791036605835,0.02214062213897705,0.11231875419616699,0.02873098850250244,0.09465378522872925,0.029694199562072754,0.07059687376022339,0.026534199714660645
2,0.0,0.0,0.028255760669708252,-0.06359463930130005,0.07009837031364441,-0.14298027753829956,0.09008818864822388,-0.2041981816291809,0.09098118543624878,-0.261077880859375,0.05089011788368225,-0.1473602056503296,0.13829576969146729,-0.12705928087234497,0.12427318096160889,-0.09442794322967529,0.09798330068588257,-0.09036052227020264,0.03967881202697754,-0.09925240278244019,0.13463008403778076,-0.07837432622909546,0.11518305540084839,-0.05428236722946167,0.08788371086120605,-0.05165582895278931,0.03613516688346863,-0.0462610125541687,0.12568789720535278,-0.0308229923248291,0.10571908950805664,-0.012899160385131836,0.0804203450679779,-0.014381170272827148,0.0385095477104187,0.0028690099716186523,0.11081689596176147,0.014375150203704834,0.09466773271560669,0.02309739589691162,0.06855493783950806,0.018688440322875977
2,0.0,0.0,0.018220901489257812,-0.06760156154632568,0.05719485878944397,-0.1528233289718628,0.07947888970375061,-0.21975484490394592,0.07744830846786499,-0.2784988284111023,0.040449172258377075,-0.16982275247573853,0.12914538383483887,-0.15349936485290527,0.11624866724014282,-0.12772345542907715,0.09004458785057068,-0.12512153387069702,0.034619420766830444,-0.12085658311843872,0.1317468285560608,-0.10928487777709961,0.11318761110305786,-0.085904061794281,0.08305051922798157,-0.08460098505020142,0.03875589370727539,-0.06880015134811401,0.1274334192276001,-0.0612797737121582,0.1061740517616272,-0.043761491775512695,0.07887157797813416,-0.045468807220458984,0.048187077045440674,-0.019295811653137207,0.11745321750640869,-0.019394218921661377,0.09869056940078735,-0.006706357002258301,0.07241731882095337,-0.00846397876739502
2,0.0,0.0,0.01522529125213623,-0.06906616687774658,0.05137050151824951,-0.1560438871383667,0.07071316242218018,-0.2241918444633484,0.06650963425636292,-0.2820986211299896,0.03447103500366211,-0.17367219924926758,0.12183183431625366,-0.16365498304367065,0.11046361923217773,-0.13468027114868164,0.08525341749191284,-0.12911927700042725,0.029627889394760132,-0.12584155797958374,0.1260077953338623,-0.11944502592086792,0.10903275012969971,-0.09329760074615479,0.07972562313079834,-0.08938795328140259,0.03437715768814087,-0.07462292909622192,0.12353605031967163,-0.07154160737991333,0.10366785526275635,-0.05144226551055908,0.07713454961776733,-0.050759315490722656,0.04440400004386902,-0.02521646022796631,0.11392933130264282,-0.028160154819488525,0.09592700004577637,-0.01436316967010498,0.06995046138763428,-0.014646708965301514
2,0.0,0.0,0.014176756143569946,-0.07196974754333496,0.05060529708862305,-0.15989845991134644,0.07142412662506104,-0.227403461933136,0.06786295771598816,-0.2867235839366913,0.032705992460250854,-0.17956209182739258,0.12128928303718567,-0.17509126663208008,0.11167344450950623,-0.1450364589691162,0.08722090721130371,-0.13661259412765503,0.029496103525161743,-0.13122111558914185,0.12506499886512756,-0.13091671466827393,0.11004701256752014,-0.10349100828170776,0.08245193958282471,-0.09733664989471436,0.036720603704452515,-0.08022969961166382,0.12483075261116028,-0.0828891396522522,0.10683497786521912,-0.06250870227813721,0.08178967237472534,-0.060539186000823975,0.049014538526535034,-0.032849252223968506,0.11913594603538513,-0.04061776399612427,0.10305386781692505,-0.024920523166656494,0.07948926091194153,-0.022083401679992676
2,0.0,0.0,0.0171336829662323,-0.0721670389175415,0.0517365038394928,-0.1614500880241394,0.07054832577705383,-0.23108771443367004,0.06585627794265747,-0.2915341854095459,0.033735454082489014,-0.1811193823814392,0.12220877408981323,-0.1802317500114441,0.11324051022529602,-0.14857953786849976,0.08804813027381897,-0.14102500677108765,0.029657036066055298,-0.1358093023300171,0.1253277063369751,-0.13431650400161743,0.11158737540245056,-0.10572290420532227,0.08317017555236816,-0.10258841514587402,0.035681456327438354,-0.0853235125541687,0.126736581325531,-0.08847057819366455,0.11048144102096558,-0.06581300497055054,0.08438378572463989,-0.06455826759338379,0.04770469665527344,-0.03625518083572388,0.12012529373168945,-0.04343605041503906,0.10581114888191223,-0.026057541370391846,0.08243823051452637,-0.024195432662963867
2,0.0,0.0,0.022362738847732544,-0.07003647089004517,0.058805882930755615,-0.16162770986557007,0.07551321387290955,-0.2333378791809082,0.06979987025260925,-0.29598766565322876,0.031264036893844604,-0.16718387603759766,0.12265068292617798,-0.16416692733764648,0.10765185952186584,-0.1360797882080078,0.08013084530830383,-0.13230997323989868,0.02574905753135681,-0.1163833737373352,0.12447988986968994,-0.11419433355331421,0.10411962866783142,-0.09210413694381714,0.07521921396255493,-0.08755290508270264,0.030160367488861084,-0.06420940160751343,0.12303724884986877,-0.0651923418045044,0.10123485326766968,-0.04715991020202637,0.07413679361343384,-0.044059038162231445,0.040621548891067505,-0.015818238258361816,0.1158604621887207,-0.020096540451049805,0.09670642018318176,-0.0070095062255859375,0.06880888342857361,-0.005807399749755859
2,0.0,0.0,0.01880568265914917,-0.06335771083831787,0.054829567670822144,-0.14880114793777466,0.0713605284690857,-0.2175806164741516,0.06442216038703918,-0.28009751439094543,0.02773568034172058,-0.14695978164672852,0.1180880069732666,-0.13773494958877563,0.101360023021698,-0.11251872777938843,0.07228788733482361,-0.10915762186050415,0.020074069499969482,-0.09173542261123657,0.11945399641990662,-0.0898129940032959,0.09842047095298767,-0.06996077299118042,0.06819730997085571,-0.06414306163787842,0.023828566074371338,-0.03778791427612305,0.11845901608467102,-0.04047149419784546,0.09621065855026245,-0.025086283683776855,0.06844207644462585,-0.02131444215774536,0.03355500102043152,0.01032412052154541,0.10616806149482727,0.003867506980895996,0.08743476867675781,0.016246676445007324,0.061902761459350586,0.01877427101135254
2,0.0,0.0,0.0238933265209198,-0.07039886713027954,0.050043970346450806,-0.1514122486114502,0.060341596603393555,-0.21661043167114258,0.05737563967704773,-0.27606892585754395,0.015320628881454468,-0.139859139919281,0.10821101069450378,-0.1335207223892212,0.09273168444633484,-0.10047024488449097,0.06286290287971497,-0.0948415994644165,0.008130580186843872,-0.0862089991569519,0.1086302101612091,-0.0834498405456543,0.08633461594581604,-0.060501694679260254,0.05870506167411804,-0.05531042814254761,0.011302590370178223,-0.03285342454910278,0.10471406579017639,-0.03656196594238281,0.08319857716560364,-0.017165064811706543,0.05901080369949341,-0.01344066858291626,0.019416123628616333,0.013806700706481934,0.09431073069572449,0.007294118404388428,0.07829031348228455,0.018828749656677246,0.05313962697982788,0.02150440216064453
2,0.0,0.0,0.02566388249397278,-0.07037627696990967,0.06024569272994995,-0.15283429622650146,0.07382050156593323,-0.21635454893112183,0.07113403081893921,-0.2754042446613312,0.02979549765586853,-0.14214754104614258,0.12133550643920898,-0.13776832818984985,0.1051076352596283,-0.10960346460342407,0.07514113187789917,-0.10704076290130615,0.023369312286376953,-0.08745592832565308,0.12516772747039795,-0.0854107141494751,0.10053366422653198,-0.06544077396392822,0.0706072747707367,-0.0613827109336853,0.02653425931930542,-0.03286963701248169,0.12039372324943542,-0.03491556644439697,0.0968170166015625,-0.0212247371673584,0.07053250074386597,-0.019792377948760986,0.034300267696380615,0.01571136713027954,0.10980898141860962,0.008329033851623535,0.09179407358169556,0.015248239040374756,0.06454628705978394,0.016948401927947998
2,0.0,0.0,0.024017274379730225,-0.08887118101119995,0.03831729292869568,-0.17567402124404907,0.04284262657165527,-0.24482202529907227,0.03846806287765503,-0.30861252546310425,-0.0027307868003845215,-0.15735071897506714,0.08882731199264526,-0.15137004852294922,0.07986453175544739,-0.11650621891021729,0.05143788456916809,-0.11469018459320068,-0.007790327072143555,-0.10302227735519409,0.09153980016708374,-0.10401397943496704,0.07159429788589478,-0.07881158590316772,0.04558974504470825,-0.0749388337135315,-0.00333559513092041,-0.04977768659591675,0.09030860662460327,-0.05349832773208618,0.0696287751197815,-0.03273665904998779,0.04722064733505249,-0.031017541885375977,0.007370650768280029,-0.003899991512298584,0.0770542323589325,-0.007826089859008789,0.06130558252334595,0.0014916062355041504,0.03644868731498718,0.0030222535133361816
2,0.0,0.0,0.0317385196685791,-0.0868191123008728,0.055795490741729736,-0.17093294858932495,0.06290191411972046,-0.23528575897216797,0.060993194580078125,-0.2970343232154846,0.018800854682922363,-0.1450837254524231,0.11135858297348022,-0.13937270641326904,0.09790712594985962,-0.10765635967254639,0.06779327988624573,-0.10421586036682129,0.013351500034332275,-0.08957570791244507,0.11408308148384094,-0.09111148118972778,0.09174519777297974,-0.06929171085357666,0.06428351998329163,-0.06676626205444336,0.01769748330116272,-0.03597468137741089,0.11108314990997314,-0.042455852031707764,0.08827832341194153,-0.024431705474853516,0.06450656056404114,-0.022732019424438477,0.02801424264907837,0.010678768157958984,0.09893807768821716,0.0028408169746398926,0.08249065279960632,0.01022404432296753,0.0574568510055542,0.010800182819366455
2,0.0,0.0,0.01827770471572876,-0.06638890504837036,0.05412483215332031,-0.1496562361717224,0.06887233257293701,-0.21458923816680908,0.06347605586051941,-0.2733427882194519,0.0253717303276062,-0.12279891967773438,0.11681431531906128,-0.11491209268569946,0.10318204760551453,-0.1018717885017395,0.07529148459434509,-0.10373228788375854,0.01956191658973694,-0.06340974569320679,0.11885416507720947,-0.06914186477661133,0.10044717788696289,-0.05951207876205444,0.07002875208854675,-0.060107290744781494,0.025735527276992798,-0.008666038513183594,0.11749181151390076,-0.021570920944213867,0.09799665212631226,-0.014923512935638428,0.06999877095222473,-0.01503300666809082,0.03712955117225647,0.03774821758270264,0.10664930939674377,0.018630504608154297,0.09037694334983826,0.02240133285522461,0.0646064281463623,0.026076853275299072
2,0.0,0.0,0.021921396255493164,-0.06556916236877441,0.06165653467178345,-0.14887434244155884,0.08066505193710327,-0.2164711356163025,0.08030596375465393,-0.27531999349594116,0.03634452819824219,-0.12265628576278687,0.1300559639930725,-0.11943423748016357,0.11349895596504211,-0.10375255346298218,0.08460977673530579,-0.10391777753829956,0.03189736604690552,-0.06526470184326172,0.13317954540252686,-0.06921815872192383,0.11179670691490173,-0.05930107831954956,0.0779913067817688,-0.05924409627914429,0.037817806005477905,-0.010773956775665283,0.13036826252937317,-0.02035343647003174,0.10805109143257141,-0.012524783611297607,0.0778731107711792,-0.010276377201080322,0.04887709021568298,0.03732609748840332,0.12118390202522278,0.021292030811309814,0.10194742679595947,0.02570706605911255,0.07308211922645569,0.0304868221282959
2,0.0,0.0,0.02271130681037903,-0.06361240148544312,0.06271639466285706,-0.13895201683044434,0.08205163478851318,-0.2026246190071106,0.08483877778053284,-0.262420117855072,0.04780298471450806,-0.11479103565216064,0.13880297541618347,-0.10166412591934204,0.12132278084754944,-0.08758419752120972,0.09299635887145996,-0.09155410528182983,0.04292076826095581,-0.06055110692977905,0.1404224932193756,-0.0524783730506897,0.11871042847633362,-0.042391419410705566,0.08662834763526917,-0.045447587966918945,0.04623249173164368,-0.006575226783752441,0.13714584708213806,-0.006409943103790283,0.11484730243682861,-0.0009883642196655273,0.08389073610305786,-0.0016676783561706543,0.054352790117263794,0.04184776544570923,0.12357667088508606,0.03228825330734253,0.10670280456542969,0.03363555669784546,0.08045884966850281,0.0356978178024292
2,0.0,0.0,0.021491408348083496,-0.0633997917175293,0.06086611747741699,-0.13744693994522095,0.07985597848892212,-0.1984744668006897,0.08284354209899902,-0.25461727380752563,0.046171635389328,-0.10400116443634033,0.13416916131973267,-0.08667320013046265,0.11770480871200562,-0.08033299446105957,0.08952075242996216,-0.08541315793991089,0.039721906185150146,-0.04683852195739746,0.13551825284957886,-0.038636982440948486,0.11534059047698975,-0.03844839334487915,0.08335644006729126,-0.042800962924957275,0.041840314865112305,0.005572855472564697,0.129438579082489,0.0045362114906311035,0.10794216394424438,0.002912759780883789,0.07863828539848328,0.0015592575073242188,0.04864850640296936,0.05072033405303955,0.11683356761932373,0.04203134775161743,0.09833085536956787,0.04002279043197632,0.07117858529090881,0.04233425855636597
2,0.0,0.0,0.023459553718566895,-0.061735451221466064,0.06483283638954163,-0.1340922713279724,0.08421969413757324,-0.19342416524887085,0.08662724494934082,-0.24885112047195435,0.04891854524612427,-0.09776890277862549,0.13599687814712524,-0.08289766311645508,0.11890208721160889,-0.07489770650863647,0.09118491411209106,-0.07906454801559448,0.041731029748916626,-0.041845738887786865,0.13598114252090454,-0.03399348258972168,0.1143389344215393,-0.03233981132507324,0.08244410157203674,-0.037022411823272705,0.04267224669456482,0.010115206241607666,0.12874722480773926,0.00806349515914917,0.10679513216018677,0.006897330284118652,0.0774834156036377,0.0053525567054748535,0.04830574989318848,0.05512523651123047,0.11495184898376465,0.04521775245666504,0.09751391410827637,0.042185187339782715,0.07115358114242554,0.04345661401748657
2,0.0,0.0,0.023731619119644165,-0.05985647439956665,0.06624874472618103,-0.1315050721168518,0.08657771348953247,-0.18835222721099854,0.09042209386825562,-0.2418256402015686,0.05479598045349121,-0.09702420234680176,0.14073199033737183,-0.07843625545501709,0.12374526262283325,-0.07308298349380493,0.09655958414077759,-0.07984590530395508,0.04757559299468994,-0.04165208339691162,0.13999199867248535,-0.03236973285675049,0.1195516586303711,-0.032992005348205566,0.08769291639328003,-0.03807222843170166,0.04728806018829346,0.010387301445007324,0.13166528940200806,0.010491251945495605,0.11036163568496704,0.008313357830047607,0.08027410507202148,0.007040262222290039,0.05110746622085571,0.05596351623535156,0.11579233407974243,0.04753232002258301,0.09867924451828003,0.04365032911300659,0.0725540816783905,0.04488182067871094
2,0.0,0.0,0.023585021495819092,-0.060214996337890625,0.06720608472824097,-0.1279732584953308,0.09043210744857788,-0.18240249156951904,0.09570318460464478,-0.23413342237472534,0.0632510781288147,-0.09653782844543457,0.1463315486907959,-0.07493603229522705,0.12845396995544434,-0.06836885213851929,0.10149765014648438,-0.07523119449615479,0.05640438199043274,-0.04405033588409424,0.1455531120300293,-0.030606448650360107,0.12503010034561157,-0.0285031795501709,0.09424376487731934,-0.034890711307525635,0.05478477478027344,0.006969928741455078,0.1363164186477661,0.01058053970336914,0.11492657661437988,0.011330008506774902,0.085604727268219,0.00861436128616333,0.0566161572933197,0.052957236766815186,0.1187448501586914,0.047650933265686035,0.10170918703079224,0.045227110385894775,0.07689499855041504,0.04392838478088379
2,0.0,0.0,0.02031269669532776,-0.05766540765762329,0.06289437413215637,-0.12682044506072998,0.0871829092502594,-0.17874014377593994,0.09509453177452087,-0.22639977931976318,0.06314101815223694,-0.09971487522125244,0.14525529742240906,-0.08218109607696533,0.12715938687324524,-0.0713357925415039,0.09915146231651306,-0.07436221837997437,0.057896822690963745,-0.04825639724731445,0.14335760474205017,-0.035507023334503174,0.12084546685218811,-0.030232131481170654,0.08894261717796326,-0.034594714641571045,0.057642847299575806,0.0023740530014038086,0.13647201657295227,0.005262255668640137,0.11339667439460754,0.009110212326049805,0.08493337035179138,0.007950782775878906,0.060408324003219604,0.048715174198150635,0.1197114884853363,0.04484790563583374,0.10167118906974792,0.04683732986450195,0.07887765765190125,0.04787379503250122
2,0.0,0.0,0.018397867679595947,-0.058137595653533936,0.060524553060531616,-0.1299840807914734,0.08514586091041565,-0.18424105644226074,0.09150168299674988,-0.23412257432937622,0.05958685278892517,-0.10786539316177368,0.14236924052238464,-0.09142160415649414,0.12501773238182068,-0.0793340802192688,0.09683504700660706,-0.08168530464172363,0.054204970598220825,-0.05700153112411499,0.1403333842754364,-0.045401811599731445,0.11827406287193298,-0.039337098598480225,0.08832970261573792,-0.04199659824371338,0.05443790555000305,-0.006114959716796875,0.13381478190422058,-0.002678215503692627,0.11125198006629944,0.0007380247116088867,0.08418521285057068,-0.0012951493263244629,0.0581723153591156,0.04086875915527344,0.11970791220664978,0.03624165058135986,0.10111746191978455,0.03826415538787842,0.077424556016922,0.03747725486755371
2,0.0,0.0,0.019480228424072266,-0.061112284660339355,0.058542490005493164,-0.1317264437675476,0.08076393604278564,-0.18499398231506348,0.08591556549072266,-0.23313260078430176,0.056664347648620605,-0.11536920070648193,0.13718366622924805,-0.09656256437301636,0.12029975652694702,-0.08577924966812134,0.09403717517852783,-0.08868163824081421,0.05110365152359009,-0.06380313634872437,0.13725805282592773,-0.05133002996444702,0.11639976501464844,-0.04578155279159546,0.08677822351455688,-0.049390316009521484,0.051850318908691406,-0.013431847095489502,0.1321529746055603,-0.009405076503753662,0.1099432110786438,-0.0062811970710754395,0.08272677659988403,-0.008733034133911133,0.056224286556243896,0.03235572576522827,0.11778658628463745,0.02723109722137451,0.10000836849212646,0.02870851755142212,0.0763433575630188,0.027853727340698242
2,0.0,0.0,0.01720479130744934,-0.06285029649734497,0.05689093470573425,-0.135076105594635,0.08064225316047668,-0.18826764822006226,0.08250483870506287,-0.2378252148628235,0.05127429962158203,-0.11743563413619995,0.13591811060905457,-0.09963929653167725,0.121694415807724,-0.08770209550857544,0.09582194685935974,-0.08930450677871704,0.04640582203865051,-0.06580525636672974,0.13643625378608704,-0.05566436052322388,0.11797788739204407,-0.04917079210281372,0.08909407258033752,-0.05192399024963379,0.0483841598033905,-0.015408217906951904,0.13219323754310608,-0.011626243591308594,0.11150094866752625,-0.008035242557525635,0.08479318022727966,-0.00956261157989502,0.05369502305984497,0.029757022857666016,0.11833545565605164,0.024808943271636963,0.10069909691810608,0.02786386013031006,0.07702520489692688,0.029468536376953125
2,0.0,0.0,0.017456263303756714,-0.06470125913619995,0.05782577395439148,-0.14190614223480225,0.08156752586364746,-0.1986922025680542,0.08681464195251465,-0.2519908547401428,0.05183875560760498,-0.13074016571044922,0.13682138919830322,-0.11316502094268799,0.1240154504776001,-0.09788978099822998,0.09846270084381104,-0.09928262233734131,0.047699928283691406,-0.08099329471588135,0.13841980695724487,-0.06953930854797363,0.12154722213745117,-0.058075785636901855,0.09171414375305176,-0.060308218002319336,0.05071726441383362,-0.03109961748123169,0.13492172956466675,-0.027828514575958252,0.11537760496139526,-0.019525229930877686,0.0874643325805664,-0.020590543746948242,0.057775288820266724,0.01501154899597168,0.12168747186660767,0.0084456205368042,0.10440999269485474,0.013962268829345703,0.08056092262268066,0.014335334300994873
2,0.0,0.0,0.020482271909713745,-0.0658600926399231,0.05611920356750488,-0.14225643873214722,0.07371681928634644,-0.2001112699508667,0.07765278220176697,-0.2546808123588562,0.04655778408050537,-0.1309124231338501,0.1288541555404663,-0.11423110961914062,0.11400902271270752,-0.09186756610870361,0.08738994598388672,-0.0921173095703125,0.039450645446777344,-0.08240938186645508,0.1287289261817932,-0.07093286514282227,0.10897457599639893,-0.05483603477478027,0.08217930793762207,-0.05368995666503906,0.03907260298728943,-0.0337253212928772,0.12333446741104126,-0.028337061405181885,0.10231173038482666,-0.017165839672088623,0.07712632417678833,-0.018344879150390625,0.043156981468200684,0.010438323020935059,0.1099315881729126,0.00914466381072998,0.09337067604064941,0.014130175113677979,0.06828275322914124,0.013373076915740967
2,0.0,0.0,0.02041277289390564,-0.0585324764251709,0.06252065300941467,-0.13717514276504517,0.08299830555915833,-0.19899386167526245,0.08452418446540833,-0.25544053316116333,0.04941752552986145,-0.12563347816467285,0.1322556436061859,-0.11475211381912231,0.11920079588890076,-0.09816575050354004,0.0941094160079956,-0.09873467683792114,0.04292052984237671,-0.07732981443405151,0.1356249749660492,-0.06644153594970703,0.11560770869255066,-0.05483222007751465,0.08396121859550476,-0.05688309669494629,0.04490503668785095,-0.027224838733673096,0.13125178217887878,-0.022930622100830078,0.10987916588783264,-0.015037596225738525,0.0811610221862793,-0.015719592571258545,0.051359206438064575,0.019045114517211914,0.11789122223854065,0.015547394752502441,0.10013672709465027,0.019840657711029053,0.07472231984138489,0.01978856325149536
2,0.0,0.0,0.021125316619873047,-0.06295031309127808,0.06469917297363281,-0.14356064796447754,0.08781379461288452,-0.20677518844604492,0.09283444285392761,-0.2654922604560852,0.048943936824798584,-0.1347605586051941,0.1389695405960083,-0.12342578172683716,0.1239863932132721,-0.10364317893981934,0.09751689434051514,-0.10580635070800781,0.04422983527183533,-0.08458006381988525,0.14128553867340088,-0.07609641551971436,0.12101730704307556,-0.05889672040939331,0.09059375524520874,-0.06203383207321167,0.047807514667510986,-0.03243488073348999,0.13950639963150024,-0.03130906820297241,0.11718431115150452,-0.018345296382904053,0.08707752823829651,-0.01901066303253174,0.05662679672241211,0.01543337106704712,0.12453508377075195,0.008781850337982178,0.10809266567230225,0.01672905683517456,0.08418086171150208,0.017711997032165527
2,0.0,0.0,0.019515305757522583,-0.06110125780105591,0.05967116355895996,-0.14193737506866455,0.0786890983581543,-0.2044363021850586,0.07569319009780884,-0.262837290763855,0.03886312246322632,-0.13076019287109375,0.12855958938598633,-0.11814463138580322,0.11300432682037354,-0.09832847118377686,0.08445557951927185,-0.0979536771774292,0.03127163648605347,-0.07853728532791138,0.1285155713558197,-0.06905138492584229,0.1071578860282898,-0.05653226375579834,0.07607144117355347,-0.05784022808074951,0.0333656370639801,-0.025966763496398926,0.12600648403167725,-0.023119747638702393,0.10345986485481262,-0.014324009418487549,0.07489639520645142,-0.015812039375305176,0.040461957454681396,0.021671533584594727,0.1105390191078186,0.01757943630218506,0.09234941005706787,0.02242189645767212,0.06620773673057556,0.022285819053649902
2,0.0,0.0,0.0190812349319458,-0.06061309576034546,0.058053433895111084,-0.1395772099494934,0.07739752531051636,-0.20178717374801636,0.07582807540893555,-0.26025140285491943,0.03447836637496948,-0.1331823468208313,0.12241536378860474,-0.1238660216331482,0.10984531044960022,-0.10267126560211182,0.08296805620193481,-0.10106921195983887,0.028537780046463013,-0.08178138732910156,0.12363201379776001,-0.07718288898468018,0.10421407222747803,-0.05934959650039673,0.07346299290657043,-0.05707961320877075,0.032259613275527954,-0.02996087074279785,0.11972129344940186,-0.032134294509887695,0.09920868277549744,-0.01913374662399292,0.07262411713600159,-0.017189323902130127,0.041266441345214844,0.017564773559570312,0.10924699902534485,0.007563650608062744,0.0909419059753418,0.01684129238128662,0.06557658314704895,0.021483004093170166
2,0.0,0.0,0.02089989185333252,-0.07637858390808105,0.05843186378479004,-0.16973388195037842,0.08009412884712219,-0.2418380081653595,0.07665768265724182,-0.3034164309501648,0.035531073808670044,-0.18941211700439453,0.12455293536186218,-0.17867755889892578,0.1094045341014862,-0.15127742290496826,0.08413243293762207,-0.1485215425491333,0.029753148555755615,-0.14254122972488403,0.1245231032371521,-0.1342349648475647,0.1051740050315857,-0.11241841316223145,0.07838401198387146,-0.1112663745880127,0.0332588255405426,-0.09212303161621094,0.1208544373512268,-0.08802241086959839,0.10075005888938904,-0.0698930025100708,0.07593542337417603,-0.06921404600143433,0.042417168617248535,-0.043703317642211914,0.11375868320465088,-0.047714054584503174,0.09512901306152344,-0.03281295299530029,0.06911057233810425,-0.03186023235321045
2,0.0,0.0,0.022288888692855835,-0.07533395290374756,0.05916738510131836,-0.16628700494766235,0.07876443862915039,-0.2383018136024475,0.0740523636341095,-0.3020170331001282,0.03216087818145752,-0.19206023216247559,0.11833396553993225,-0.1830310821533203,0.10598137974739075,-0.15196281671524048,0.08218175172805786,-0.14816170930862427,0.025673478841781616,-0.14614731073379517,0.11862438917160034,-0.1363128423690796,0.10090190172195435,-0.11029928922653198,0.07447674870491028,-0.10983949899673462,0.029131382703781128,-0.09508877992630005,0.11726689338684082,-0.09162133932113647,0.0982450544834137,-0.07085895538330078,0.07342541217803955,-0.0708996057510376,0.03794732689857483,-0.045482516288757324,0.10958254337310791,-0.04958760738372803,0.09171244502067566,-0.03286975622177124,0.0660218894481659,-0.031957805156707764
2,0.0,0.0,0.027282625436782837,-0.08107388019561768,0.05139926075935364,-0.17220014333724976,0.057509422302246094,-0.24224159121513367,0.04646807909011841,-0.3003992438316345,0.00707581639289856,-0.18828821182250977,0.09129828214645386,-0.18029356002807617,0.08146169781684875,-0.15077203512191772,0.05762374401092529,-0.14794808626174927,-0.0021379590034484863,-0.14128726720809937,0.09216171503067017,-0.13508635759353638,0.07771453261375427,-0.11088621616363525,0.05232381820678711,-0.11110097169876099,0.0013198554515838623,-0.09056097269058228,0.09254208207130432,-0.0900040864944458,0.07586371898651123,-0.06956851482391357,0.050087541341781616,-0.07014071941375732,0.010905206203460693,-0.04370737075805664,0.08551645278930664,-0.04550457000732422,0.07039713859558105,-0.03013545274734497,0.04298171401023865,-0.030313968658447266
2,0.0,0.0,0.0012757182121276855,-0.052664101123809814,0.015378832817077637,-0.12880939245224,0.0209505558013916,-0.19104120135307312,0.0075386762619018555,-0.24234920740127563,-0.016240358352661133,-0.11144393682479858,0.06854107975959778,-0.13171035051345825,0.055896371603012085,-0.10902714729309082,0.033141106367111206,-0.09855592250823975,-0.012771576642990112,-0.060191988945007324,0.07853227853775024,-0.09014815092086792,0.06165394186973572,-0.06544649600982666,0.03571859002113342,-0.05443704128265381,0.0022657811641693115,-0.013092458248138428,0.0873674750328064,-0.047647297382354736,0.06842193007469177,-0.024991154670715332,0.04224696755409241,-0.013286888599395752,0.022200286388397217,0.02634584903717041,0.08087310194969177,-0.006628274917602539,0.06684967875480652,0.011358976364135742,0.04631933569908142,0.025093138217926025
2,0.0,0.0,0.011991173028945923,-0.06990599632263184,0.034724026918411255,-0.1656574010848999,0.04338523745536804,-0.23848611116409302,0.026920825242996216,-0.2961071729660034,-0.00032517313957214355,-0.17107915878295898,0.08819431066513062,-0.19008868932724,0.08014249801635742,-0.15938860177993774,0.05516555905342102,-0.14743012189865112,-0.0012165606021881104,-0.12108850479125977,0.09705543518066406,-0.1498529314994812,0.08376577496528625,-0.1185198426246643,0.05684348940849304,-0.10594666004180908,0.011678099632263184,-0.07143968343734741,0.10335797071456909,-0.1033557653427124,0.0869060754776001,-0.07652795314788818,0.06057441234588623,-0.06502419710159302,0.029873669147491455,-0.028027832508087158,0.09585335850715637,-0.056820809841156006,0.08075329661369324,-0.03660786151885986,0.05783727765083313,-0.026675820350646973
2,0.0,0.0,0.03596216440200806,-0.07662039995193481,0.07633894681930542,-0.16037845611572266,0.09891533851623535,-0.2259768545627594,0.10123562812805176,-0.28580614924430847,0.04177278280258179,-0.1781402826309204,0.1300087571144104,-0.14872366189956665,0.112265944480896,-0.12514305114746094,0.08459699153900146,-0.12917214632034302,0.02758517861366272,-0.13190317153930664,0.12302765250205994,-0.10332626104354858,0.10231876373291016,-0.08666640520095825,0.07543385028839111,-0.09141027927398682,0.023968428373336792,-0.0801573395729065,0.11565452814102173,-0.05947142839431763,0.09475001692771912,-0.04558199644088745,0.06925049424171448,-0.05087810754776001,0.027508407831192017,-0.03018784523010254,0.10360443592071533,-0.01928025484085083,0.08669018745422363,-0.009814739227294922,0.059847086668014526,-0.01572948694229126
4,0.0,0.0,0.0028975307941436768,-0.07877457141876221,0.03775271773338318,-0.15068775415420532,0.08901998400688171,-0.18683910369873047,0.12233510613441467,-0.1945536732673645,0.01883721351623535,-0.19249069690704346,0.11171051859855652,-0.2366275191307068,0.12819859385490417,-0.211777925491333,0.11484470963478088,-0.18347489833831787,0.025023847818374634,-0.13650274276733398,0.1372116506099701,-0.15174227952957153,0.12074115872383118,-0.117917001247406,0.0845976173877716,-0.10563790798187256,0.03909111022949219,-0.07335638999938965,0.13785913586616516,-0.09362608194351196,0.11535826325416565,-0.06908148527145386,0.08292296528816223,-0.06277376413345337,0.05386844277381897,-0.014941394329071045,0.12915363907814026,-0.041543424129486084,0.11265280842781067,-0.028921127319335938,0.0852179229259491,-0.021095216274261475
4,0.0,0.0,0.003923922777175903,-0.07480621337890625,0.04235687851905823,-0.14430135488510132,0.08936354517936707,-0.18098777532577515,0.1208355724811554,-0.20057857036590576,0.02188485860824585,-0.18546289205551147,0.1115666925907135,-0.24021971225738525,0.13441476225852966,-0.21775919198989868,0.12680158019065857,-0.19238179922103882,0.02867603302001953,-0.13066941499710083,0.14178887009620667,-0.15804588794708252,0.1296139657497406,-0.1236146092414856,0.09447768330574036,-0.10927897691726685,0.043221622705459595,-0.07043170928955078,0.14618566632270813,-0.09902441501617432,0.1278933584690094,-0.07194215059280396,0.09579208493232727,-0.0628807544708252,0.0586281418800354,-0.01431363821029663,0.13816335797309875,-0.048369765281677246,0.123614102602005,-0.03323310613632202,0.0947737991809845,-0.023470580577850342
4,0.0,0.0,0.0015209019184112549,-0.07613825798034668,0.03755444288253784,-0.1483757495880127,0.08611586689949036,-0.18975675106048584,0.11635956168174744,-0.20817065238952637,0.013834893703460693,-0.1795654296875,0.09773460030555725,-0.23523497581481934,0.11859938502311707,-0.21451646089553833,0.10889443755149841,-0.18700182437896729,0.02272278070449829,-0.12558698654174805,0.129318505525589,-0.16134339570999146,0.1183600127696991,-0.1289263367652893,0.08130708336830139,-0.11397022008895874,0.039593130350112915,-0.06866240501403809,0.1366671621799469,-0.10516953468322754,0.1203746497631073,-0.07879173755645752,0.08775278925895691,-0.06796115636825562,0.05754998326301575,-0.01563030481338501,0.13222232460975647,-0.05269324779510498,0.11859068274497986,-0.03729748725891113,0.09051448106765747,-0.027666926383972168
4,0.0,0.0,0.0007964074611663818,-0.06889843940734863,0.03204256296157837,-0.14822232723236084,0.07406356930732727,-0.18517839908599854,0.10949063301086426,-0.18311625719070435,-0.0016893446445465088,-0.13364136219024658,0.07951506972312927,-0.21092945337295532,0.09874045848846436,-0.19786876440048218,0.09231087565422058,-0.1709606647491455,0.008616447448730469,-0.0808362364768982,0.111927330493927,-0.14342182874679565,0.1039448082447052,-0.11854618787765503,0.07362622022628784,-0.10200440883636475,0.0307464599609375,-0.02997523546218872,0.12521588802337646,-0.0963243842124939,0.1116616427898407,-0.07213270664215088,0.0853540301322937,-0.05667954683303833,0.057410359382629395,0.01364368200302124,0.12576231360435486,-0.043722450733184814,0.1135408878326416,-0.02899378538131714,0.09201163053512573,-0.011964678764343262
4,0.0,0.0,-0.004347503185272217,-0.062456488609313965,0.024456530809402466,-0.13893544673919678,0.0631270706653595,-0.1641942858695984,0.08879902958869934,-0.12692707777023315,-0.014334440231323242,-0.10192853212356567,0.0593394935131073,-0.17880237102508545,0.08647489547729492,-0.1737269163131714,0.08875253796577454,-0.14810234308242798,0.001272648572921753,-0.044278085231781006,0.09885215759277344,-0.10047692060470581,0.08835899829864502,-0.08812212944030762,0.05659589171409607,-0.07281917333602905,0.02359110116958618,0.009307801723480225,0.11376458406448364,-0.055551111698150635,0.09566754102706909,-0.04139679670333862,0.0677243173122406,-0.023950695991516113,0.04936707019805908,0.05685347318649292,0.11302292346954346,-0.001523733139038086,0.09902629256248474,0.000664830207824707,0.07613575458526611,0.01565861701965332
4,0.0,0.0,-0.00469130277633667,-0.05578124523162842,0.018230020999908447,-0.11718064546585083,0.05449509620666504,-0.13351362943649292,0.075442373752594,-0.1099100112915039,-0.024846971035003662,-0.09442126750946045,0.05194234848022461,-0.1654016375541687,0.08017587661743164,-0.15401041507720947,0.08081415295600891,-0.1260659098625183,-0.01087847352027893,-0.03275686502456665,0.08875724673271179,-0.08501684665679932,0.07901138067245483,-0.06363612413406372,0.04755637049674988,-0.048922955989837646,0.012908965349197388,0.02252507209777832,0.1026076078414917,-0.03822922706604004,0.08651614189147949,-0.01974433660507202,0.060041964054107666,-0.004444241523742676,0.04051145911216736,0.06659013032913208,0.10325887799263,0.01305311918258667,0.08912011981010437,0.020983517169952393,0.06860655546188354,0.03634333610534668
4,0.0,0.0,-0.005453228950500488,-0.05554002523422241,0.014350652694702148,-0.11976677179336548,0.047310084104537964,-0.1367214322090149,0.07071763277053833,-0.10675382614135742,-0.03441488742828369,-0.08195137977600098,0.037494540214538574,-0.15937954187393188,0.06398290395736694,-0.15428906679153442,0.068203866481781,-0.1300642490386963,-0.021047085523605347,-0.025998950004577637,0.07962435483932495,-0.08433622121810913,0.06787693500518799,-0.06391310691833496,0.03821989893913269,-0.04630458354949951,0.003710150718688965,0.027235031127929688,0.09501698613166809,-0.03774893283843994,0.07733777165412903,-0.019149303436279297,0.051469266414642334,-0.0016118288040161133,0.03239011764526367,0.07198077440261841,0.09627029299736023,0.016766607761383057,0.08118882775306702,0.022501051425933838,0.05996021628379822,0.03730124235153198
4,0.0,0.0,-0.0015249848365783691,-0.06269729137420654,0.03005295991897583,-0.14093148708343506,0.07144364714622498,-0.17688441276550293,0.10339099168777466,-0.15697842836380005,-0.0020119845867156982,-0.12167495489120483,0.07086393237113953,-0.19991785287857056,0.09285405278205872,-0.18590450286865234,0.08912298083305359,-0.15894758701324463,0.010161936283111572,-0.06834214925765991,0.10265591740608215,-0.12401813268661499,0.09392151236534119,-0.09968423843383789,0.06411680579185486,-0.08659243583679199,0.030891597270965576,-0.01633685827255249,0.1158846914768219,-0.07662653923034668,0.10212847590446472,-0.05233877897262573,0.07599323987960815,-0.03825312852859497,0.054435014724731445,0.027250945568084717,0.11543816328048706,-0.02410513162612915,0.10383793711662292,-0.011773109436035156,0.08310100436210632,0.0021453499794006348
4,0.0,0.0,0.003950268030166626,-0.06526356935501099,0.04004654288291931,-0.13849592208862305,0.08180949091911316,-0.16451525688171387,0.10241082310676575,-0.15332448482513428,0.0032803714275360107,-0.13196998834609985,0.08584317564964294,-0.20875990390777588,0.11180311441421509,-0.1932869553565979,0.10823097825050354,-0.16045403480529785,0.015552759170532227,-0.07418125867843628,0.11900371313095093,-0.12624329328536987,0.10962739586830139,-0.10298055410385132,0.0777859091758728,-0.08621865510940552,0.036733031272888184,-0.01938694715499878,0.13117414712905884,-0.08015429973602295,0.11487263441085815,-0.06085097789764404,0.08744341135025024,-0.04547387361526489,0.06207394599914551,0.027171790599822998,0.13011547923088074,-0.028672754764556885,0.1163809597492218,-0.0214117169380188,0.09368714690208435,-0.006033003330230713
4,0.0,0.0,-0.0031358301639556885,-0.0513339638710022,0.024628013372421265,-0.11535608768463135,0.062407106161117554,-0.1366945505142212,0.09048211574554443,-0.11964303255081177,-0.01214781403541565,-0.0958448052406311,0.06507739424705505,-0.16817200183868408,0.08623307943344116,-0.1473025679588318,0.08167755603790283,-0.11755591630935669,-0.0007811188697814941,-0.03874248266220093,0.09388235211372375,-0.08519458770751953,0.0815700888633728,-0.06286287307739258,0.05006358027458191,-0.054435551166534424,0.020181000232696533,0.01504218578338623,0.10704398155212402,-0.03758549690246582,0.08939281105995178,-0.017501652240753174,0.06253314018249512,-0.006369948387145996,0.04472419619560242,0.0587611198425293,0.10597103834152222,0.012198805809020996,0.09115037322044373,0.021625518798828125,0.07023638486862183,0.03508204221725464
4,0.0,0.0,0.010094791650772095,-0.06318992376327515,0.03987583518028259,-0.13578009605407715,0.07632064819335938,-0.16106152534484863,0.09491550922393799,-0.12987375259399414,-0.00997227430343628,-0.11581021547317505,0.06063893437385559,-0.1837458610534668,0.0911562442779541,-0.17960554361343384,0.09878501296043396,-0.15404075384140015,0.0002111196517944336,-0.0544467568397522,0.1078757643699646,-0.09941494464874268,0.097858726978302,-0.08182913064956665,0.06631860136985779,-0.06597554683685303,0.02162635326385498,0.002386927604675293,0.1193617582321167,-0.054301321506500244,0.10258746147155762,-0.041008174419403076,0.07451868057250977,-0.02768528461456299,0.048342227935791016,0.049643516540527344,0.117514967918396,-0.004114031791687012,0.10106760263442993,-0.0009220242500305176,0.07770249247550964,0.012486159801483154
4,0.0,0.0,0.01160082221031189,-0.07275313138961792,0.0542566180229187,-0.14486980438232422,0.10413399338722229,-0.17137855291366577,0.13338902592658997,-0.16740238666534424,0.023604542016983032,-0.16317778825759888,0.1095128059387207,-0.22482013702392578,0.12927451729774475,-0.2007465362548828,0.12150222063064575,-0.17059636116027832,0.02970677614212036,-0.10596859455108643,0.13522860407829285,-0.1427132487297058,0.12241393327713013,-0.11437958478927612,0.08924639225006104,-0.10497146844863892,0.047033727169036865,-0.0485914945602417,0.14442017674446106,-0.09429532289505005,0.12607336044311523,-0.07068336009979248,0.09634611010551453,-0.06090688705444336,0.06858435273170471,0.001475214958190918,0.14044716954231262,-0.042189061641693115,0.12313488125801086,-0.02684640884399414,0.09866100549697876,-0.014121174812316895
4,0.0,0.0,0.013353139162063599,-0.06937170028686523,0.05808365345001221,-0.13652676343917847,0.10918927192687988,-0.1584823727607727,0.13423040509223938,-0.15052998065948486,0.0249004065990448,-0.15332138538360596,0.11176744103431702,-0.20751523971557617,0.1335110366344452,-0.1889621615409851,0.12775453925132751,-0.1588430404663086,0.030638009309768677,-0.09473949670791626,0.137363463640213,-0.13260865211486816,0.12519797682762146,-0.10983282327651978,0.09355020523071289,-0.09604007005691528,0.047220438718795776,-0.037334442138671875,0.14567413926124573,-0.08297926187515259,0.12838202714920044,-0.06489497423171997,0.10025137662887573,-0.05275386571884155,0.06889134645462036,0.012252092361450195,0.14368626475334167,-0.03233766555786133,0.12708714604377747,-0.020847022533416748,0.10367444157600403,-0.006020665168762207
4,0.0,0.0,0.015233159065246582,-0.07392555475234985,0.05707317590713501,-0.14202767610549927,0.10657832026481628,-0.1690535545349121,0.1288406252861023,-0.1698130965232849,0.02812880277633667,-0.1642688512802124,0.11429145932197571,-0.21655583381652832,0.1381138563156128,-0.196419358253479,0.13292163610458374,-0.16952818632125854,0.03219360113143921,-0.10412466526031494,0.13743579387664795,-0.13587528467178345,0.12402275204658508,-0.1098366379737854,0.08994156122207642,-0.10158950090408325,0.046780526638031006,-0.04381692409515381,0.14066529273986816,-0.0833011269569397,0.12431696057319641,-0.06247824430465698,0.0941711962223053,-0.05432397127151489,0.06548681855201721,0.008009195327758789,0.13773483037948608,-0.03619462251663208,0.12165996432304382,-0.021985650062561035,0.0967298150062561,-0.00976264476776123
4,0.0,0.0,0.016132086515426636,-0.0765068531036377,0.06140705943107605,-0.14521747827529907,0.11231714487075806,-0.1683061122894287,0.14017543196678162,-0.15680426359176636,0.034696489572525024,-0.16671663522720337,0.12266907095909119,-0.2221357822418213,0.143100768327713,-0.19461649656295776,0.13474151492118835,-0.16104698181152344,0.04020974040031433,-0.11023843288421631,0.1444447934627533,-0.14276576042175293,0.13149526715278625,-0.11367517709732056,0.09870237112045288,-0.10222703218460083,0.05561533570289612,-0.052142322063446045,0.14997747540473938,-0.09054267406463623,0.13182154297828674,-0.06791514158248901,0.10332930088043213,-0.058264076709747314,0.07496261596679688,-0.000941157341003418,0.1475755274295807,-0.042010486125946045,0.13093987107276917,-0.02760779857635498,0.10747984051704407,-0.015060961246490479
4,0.0,0.0,0.013534337282180786,-0.06990301609039307,0.059476763010025024,-0.13400381803512573,0.10893186926841736,-0.1601330041885376,0.13057205080986023,-0.16810905933380127,0.028443068265914917,-0.15722155570983887,0.11918953061103821,-0.20249217748641968,0.1239255964756012,-0.1698439121246338,0.10172379016876221,-0.14708209037780762,0.03271910548210144,-0.09994977712631226,0.13864752650260925,-0.12774807214736938,0.12601831555366516,-0.10032665729522705,0.09049937129020691,-0.09336549043655396,0.04607671499252319,-0.0418357253074646,0.14059463143348694,-0.0758327841758728,0.12429770827293396,-0.05340152978897095,0.0942772924900055,-0.04659980535507202,0.0631512999534607,0.010107934474945068,0.13460883498191833,-0.02802199125289917,0.11962506175041199,-0.012119472026824951,0.09533408284187317,-0.0019007325172424316
4,0.0,0.0,0.010315418243408203,-0.07340723276138306,0.05270075798034668,-0.13712501525878906,0.10047680139541626,-0.16769957542419434,0.12565267086029053,-0.1721813678741455,0.03295281529426575,-0.17055273056030273,0.11546659469604492,-0.20854413509368896,0.12904620170593262,-0.1811671257019043,0.11480814218521118,-0.15845030546188354,0.037524908781051636,-0.11850464344024658,0.13532912731170654,-0.13580048084259033,0.12351876497268677,-0.10545969009399414,0.09024661779403687,-0.09556323289871216,0.048629552125930786,-0.06076681613922119,0.1358845829963684,-0.08202248811721802,0.11930733919143677,-0.05772805213928223,0.09024399518966675,-0.051213979721069336,0.06129232048988342,-0.006375253200531006,0.1291080117225647,-0.03570038080215454,0.11628192663192749,-0.02060091495513916,0.09195905923843384,-0.011446118354797363
4,0.0,0.0,0.010112673044204712,-0.07490426301956177,0.05673500895500183,-0.13835418224334717,0.10697975754737854,-0.1664050817489624,0.1294233500957489,-0.16159731149673462,0.03258904814720154,-0.15368860960006714,0.1166900098323822,-0.19267231225967407,0.126890629529953,-0.167199969291687,0.10912111401557922,-0.14354485273361206,0.03575131297111511,-0.09962791204452515,0.13713249564170837,-0.12443417310714722,0.12411931157112122,-0.09776276350021362,0.0901612937450409,-0.08905553817749023,0.04645237326622009,-0.044758379459381104,0.1387903392314911,-0.07209998369216919,0.12125948071479797,-0.05127197504043579,0.09194180369377136,-0.04323321580886841,0.059199512004852295,0.006347715854644775,0.1301322877407074,-0.024476230144500732,0.11563149094581604,-0.012366771697998047,0.09151473641395569,-0.0035019516944885254
4,0.0,0.0,0.00921088457107544,-0.07135051488876343,0.04662525653839111,-0.1396331787109375,0.08948856592178345,-0.1750008463859558,0.1146422028541565,-0.18522024154663086,0.026213526725769043,-0.1775909662246704,0.10579246282577515,-0.21365773677825928,0.11454778909683228,-0.1790803074836731,0.09665536880493164,-0.15635478496551514,0.03014621138572693,-0.12978893518447876,0.1283121109008789,-0.1433243751525879,0.11823010444641113,-0.10861706733703613,0.08843916654586792,-0.09905284643173218,0.040607452392578125,-0.0769338607788086,0.12710881233215332,-0.0920211672782898,0.11136108636856079,-0.06604117155075073,0.08457356691360474,-0.06216895580291748,0.052517086267471313,-0.02695232629776001,0.118896484375,-0.04532468318939209,0.10488027334213257,-0.028956174850463867,0.07926535606384277,-0.02196139097213745
4,0.0,0.0,-0.0025347769260406494,-0.07165652513504028,0.029652833938598633,-0.14423513412475586,0.07212665677070618,-0.18676358461380005,0.0971483588218689,-0.20011991262435913,0.0081254243850708,-0.16134977340698242,0.07794210314750671,-0.21607637405395508,0.09875011444091797,-0.20633238554000854,0.09540188312530518,-0.18866217136383057,0.01968628168106079,-0.11385941505432129,0.11572921276092529,-0.1566442847251892,0.10711956024169922,-0.12782585620880127,0.07564947009086609,-0.10853058099746704,0.03662589192390442,-0.06333428621292114,0.1236116886138916,-0.10628634691238403,0.10962462425231934,-0.08335942029953003,0.08176052570343018,-0.07106274366378784,0.055218279361724854,-0.014522731304168701,0.12158447504043579,-0.05736219882965088,0.10922807455062866,-0.04442375898361206,0.08389800786972046,-0.03251594305038452
4,0.0,0.0,-0.008400946855545044,-0.07015752792358398,0.01969262957572937,-0.13654863834381104,0.06255695223808289,-0.17599636316299438,0.08837655186653137,-0.1933024525642395,-0.005375117063522339,-0.14955592155456543,0.06739538908004761,-0.21753334999084473,0.08982762694358826,-0.20893895626068115,0.08662256598472595,-0.1872495412826538,0.010229378938674927,-0.10152578353881836,0.10215416550636292,-0.16030257940292358,0.09515145421028137,-0.13374662399291992,0.06345418095588684,-0.11567199230194092,0.03229597210884094,-0.05479466915130615,0.11519554257392883,-0.11511218547821045,0.10361424088478088,-0.09019559621810913,0.07614988088607788,-0.07407921552658081,0.053542137145996094,-0.013701677322387695,0.11471512913703918,-0.06403803825378418,0.1030244529247284,-0.04911524057388306,0.07996729016304016,-0.03471106290817261
4,0.0,0.0,-0.005344599485397339,-0.07439446449279785,0.021739274263381958,-0.15780574083328247,0.06491464376449585,-0.2024606466293335,0.08948183059692383,-0.19787442684173584,-0.013889491558074951,-0.1558607816696167,0.06327936053276062,-0.23116648197174072,0.08381462097167969,-0.21383309364318848,0.0763745903968811,-0.18582630157470703,0.0030813515186309814,-0.10407572984695435,0.09905678033828735,-0.16938769817352295,0.09521666169166565,-0.14152806997299194,0.06505319476127625,-0.12171173095703125,0.029734641313552856,-0.056544482707977295,0.11450982093811035,-0.12486881017684937,0.10525178909301758,-0.09921956062316895,0.07934892177581787,-0.08261197805404663,0.058740705251693726,-0.018502771854400635,0.11931580305099487,-0.07925665378570557,0.10808897018432617,-0.05999612808227539,0.08672767877578735,-0.041372597217559814
4,0.0,0.0,0.0017134547233581543,-0.07396525144577026,0.03901040554046631,-0.1488463282585144,0.08698585629463196,-0.18605118989944458,0.11458054184913635,-0.1859438419342041,0.005520462989807129,-0.16215908527374268,0.09050840139389038,-0.22663354873657227,0.09877872467041016,-0.19287782907485962,0.08185499906539917,-0.16504311561584473,0.02024930715560913,-0.10949099063873291,0.11947882175445557,-0.16098839044570923,0.11135327816009521,-0.12765878438949585,0.07920506596565247,-0.11215400695800781,0.043207794427871704,-0.05854398012161255,0.1299535036087036,-0.1119036078453064,0.11715757846832275,-0.08383351564407349,0.0913083553314209,-0.07125997543334961,0.06811469793319702,-0.014613866806030273,0.13219797611236572,-0.06743776798248291,0.11851167678833008,-0.04582321643829346,0.09723427891731262,-0.02905118465423584
4,0.0,0.0,-0.0029418468475341797,-0.0704430341720581,0.03100726008415222,-0.13069599866867065,0.07408598065376282,-0.1613944172859192,0.0983835756778717,-0.16741740703582764,0.00977104902267456,-0.1458722949028015,0.08489260077476501,-0.19920748472213745,0.09890279173851013,-0.17793673276901245,0.08916673064231873,-0.15557175874710083,0.02041381597518921,-0.09601938724517822,0.11137190461158752,-0.13717490434646606,0.1016819179058075,-0.11315888166427612,0.07049453258514404,-0.09984582662582397,0.0357513427734375,-0.04600399732589722,0.1184600293636322,-0.08880168199539185,0.10373100638389587,-0.06728261709213257,0.07698538899421692,-0.05627948045730591,0.050512492656707764,-0.0007044672966003418,0.11378064751625061,-0.04115182161331177,0.10086163878440857,-0.03000849485397339,0.07777336239814758,-0.01957523822784424
4,0.0,0.0,0.01161879301071167,-0.06588226556777954,0.05326005816459656,-0.1251099705696106,0.09859925508499146,-0.1497214436531067,0.11588186025619507,-0.1412389874458313,0.01918622851371765,-0.13711565732955933,0.10028517246246338,-0.18189877271652222,0.10522985458374023,-0.15250897407531738,0.08559387922286987,-0.13103866577148438,0.02418169379234314,-0.08784276247024536,0.11770015954971313,-0.11925822496414185,0.10813981294631958,-0.09219932556152344,0.07869604229927063,-0.08501285314559937,0.037095069885253906,-0.03712773323059082,0.1253224015235901,-0.07235503196716309,0.11068028211593628,-0.04935896396636963,0.08497947454452515,-0.041399478912353516,0.05193004012107849,0.009691357612609863,0.11804896593093872,-0.023897945880889893,0.10486066341400146,-0.010341763496398926,0.0838533341884613,-0.0006089210510253906
4,0.0,0.0,0.01263052225112915,-0.06444066762924194,0.055234551429748535,-0.13103246688842773,0.10078603029251099,-0.16129910945892334,0.11889129877090454,-0.14721161127090454,0.02090376615524292,-0.14443612098693848,0.10373163223266602,-0.1859484314918518,0.1130300760269165,-0.15985822677612305,0.09597879648208618,-0.1373881697654724,0.02596142888069153,-0.09269571304321289,0.1259545087814331,-0.11838603019714355,0.1135406494140625,-0.0940847396850586,0.08211329579353333,-0.08767712116241455,0.03884705901145935,-0.040873825550079346,0.13157713413238525,-0.0705496072769165,0.11467742919921875,-0.05003178119659424,0.08700042963027954,-0.04263901710510254,0.05430370569229126,0.00611501932144165,0.12437164783477783,-0.024507880210876465,0.11044377088546753,-0.013224542140960693,0.08816060423851013,-0.00415271520614624
4,0.0,0.0,0.01776301860809326,-0.06970763206481934,0.06405070424079895,-0.1224970817565918,0.11296769976615906,-0.14524632692337036,0.13770869374275208,-0.15346014499664307,0.0438959002494812,-0.15171968936920166,0.11949709057807922,-0.17114484310150146,0.13671645522117615,-0.15411627292633057,0.12826034426689148,-0.1379605531692505,0.04587826132774353,-0.10042965412139893,0.14162138104438782,-0.10094678401947021,0.13454219698905945,-0.07529330253601074,0.10588124394416809,-0.0684661865234375,0.052474021911621094,-0.04577916860580444,0.1398637592792511,-0.05195409059524536,0.12706813216209412,-0.03334546089172363,0.09968218207359314,-0.030622363090515137,0.05988568067550659,0.005269408226013184,0.129725843667984,-0.009146392345428467,0.11827298998832703,-1.8715858459472656e-05,0.09391960501670837,0.002923130989074707
4,0.0,0.0,0.015100419521331787,-0.06932854652404785,0.06535208225250244,-0.11679291725158691,0.11822503805160522,-0.13354921340942383,0.13785076141357422,-0.13687551021575928,0.044168323278427124,-0.14767014980316162,0.12968450784683228,-0.1707938313484192,0.14728105068206787,-0.14779901504516602,0.1362040638923645,-0.1257304549217224,0.04695585370063782,-0.09584987163543701,0.14573591947555542,-0.10096794366836548,0.13834238052368164,-0.07734471559524536,0.11026304960250854,-0.07314050197601318,0.054621756076812744,-0.041766226291656494,0.1429283618927002,-0.051216304302215576,0.12869644165039062,-0.03441804647445679,0.1015506386756897,-0.031393587589263916,0.06332725286483765,0.007391154766082764,0.13205558061599731,-0.007637083530426025,0.11891394853591919,0.0014700889587402344,0.09587299823760986,0.004897356033325195
4,0.0,0.0,0.014804184436798096,-0.0733218789100647,0.06520244479179382,-0.11818951368331909,0.11747795343399048,-0.1267738938331604,0.1373358964920044,-0.12035256624221802,0.03969493508338928,-0.14306753873825073,0.13072967529296875,-0.15531420707702637,0.13295406103134155,-0.12912243604660034,0.11267149448394775,-0.11413031816482544,0.04164382815361023,-0.08790719509124756,0.1402793526649475,-0.09133493900299072,0.13053488731384277,-0.07037252187728882,0.10237377882003784,-0.06776529550552368,0.048145949840545654,-0.03377431631088257,0.1392592191696167,-0.04179275035858154,0.12362706661224365,-0.02652573585510254,0.09639263153076172,-0.025209546089172363,0.05551820993423462,0.013424396514892578,0.12554198503494263,-0.00020462274551391602,0.11249572038650513,0.00811678171157837,0.09041482210159302,0.010306000709533691
4,0.0,0.0,0.015779197216033936,-0.06483900547027588,0.06466323137283325,-0.10622388124465942,0.11550086736679077,-0.11453324556350708,0.13967841863632202,-0.11247247457504272,0.04640686511993408,-0.1315460205078125,0.13246476650238037,-0.14433956146240234,0.14104855060577393,-0.12094724178314209,0.12561333179473877,-0.10599279403686523,0.04647442698478699,-0.07889121770858765,0.14424002170562744,-0.07771629095077515,0.1342020034790039,-0.05633312463760376,0.1054145097732544,-0.05534005165100098,0.051344335079193115,-0.026020944118499756,0.1408354640007019,-0.029944300651550293,0.12441515922546387,-0.014915525913238525,0.09650290012359619,-0.015430271625518799,0.056757718324661255,0.0201987624168396,0.12466883659362793,0.012886881828308105,0.11068636178970337,0.019825458526611328,0.08779823780059814,0.019409239292144775
4,0.0,0.0,0.014163345098495483,-0.06412851810455322,0.06376498937606812,-0.10791784524917603,0.11458313465118408,-0.12120819091796875,0.14495694637298584,-0.12182903289794922,0.04531589150428772,-0.1347123384475708,0.13594400882720947,-0.1417449712753296,0.13917279243469238,-0.11891055107116699,0.1172785758972168,-0.10611432790756226,0.04499360918998718,-0.08242309093475342,0.1457396149635315,-0.07622206211090088,0.1307256817817688,-0.05791604518890381,0.09782731533050537,-0.05924689769744873,0.04933685064315796,-0.0300484299659729,0.13847851753234863,-0.030208051204681396,0.11893647909164429,-0.016462743282318115,0.0897979736328125,-0.01697176694869995,0.05385437607765198,0.01639866828918457,0.12169408798217773,0.011033415794372559,0.10516685247421265,0.017935991287231445,0.08083325624465942,0.017500102519989014
4,0.0,0.0,0.016825944185256958,-0.06412750482559204,0.06795921921730042,-0.1069331169128418,0.12103220820426941,-0.1176137924194336,0.1460966169834137,-0.12011998891830444,0.05142059922218323,-0.13666373491287231,0.13655057549476624,-0.147064208984375,0.15128818154335022,-0.12555146217346191,0.1383775770664215,-0.10930848121643066,0.05074411630630493,-0.08679890632629395,0.148768812417984,-0.07420194149017334,0.1339743435382843,-0.056472063064575195,0.10483840107917786,-0.06109052896499634,0.05446013808250427,-0.034288763999938965,0.1411958634853363,-0.02538365125656128,0.12307146191596985,-0.013351976871490479,0.09813746809959412,-0.016941726207733154,0.0583324134349823,0.012810707092285156,0.12463000416755676,0.01217120885848999,0.10898801684379578,0.019697248935699463,0.08789858222007751,0.0196530818939209
4,0.0,0.0,0.020707368850708008,-0.06860578060150146,0.07189634442329407,-0.11601722240447998,0.1260439157485962,-0.13204145431518555,0.14936774969100952,-0.14195281267166138,0.05147215723991394,-0.1539122462272644,0.13716477155685425,-0.16520237922668457,0.14462810754776,-0.14321398735046387,0.12872666120529175,-0.12965959310531616,0.05240905284881592,-0.10320347547531128,0.15141600370407104,-0.09951609373092651,0.1408085823059082,-0.07719075679779053,0.11381703615188599,-0.07579046487808228,0.05857762694358826,-0.049633681774139404,0.14845913648605347,-0.05044543743133545,0.13191241025924683,-0.03343939781188965,0.10555863380432129,-0.03342771530151367,0.06565892696380615,-0.0009959936141967773,0.13398081064224243,-0.00868767499923706,0.11941200494766235,0.0008807778358459473,0.09771990776062012,0.0019283294677734375
4,0.0,0.0,0.013123035430908203,-0.06763184070587158,0.06022924184799194,-0.12738287448883057,0.11312863230705261,-0.15101569890975952,0.138357013463974,-0.1516396403312683,0.036922842264175415,-0.15942198038101196,0.1269175112247467,-0.1896337866783142,0.12887081503868103,-0.15542614459991455,0.1086139976978302,-0.13333123922348022,0.04178670048713684,-0.10645478963851929,0.14147552847862244,-0.12140649557113647,0.1273682415485382,-0.09482663869857788,0.09619006514549255,-0.09002941846847534,0.05264204740524292,-0.05272722244262695,0.1419881284236908,-0.07149678468704224,0.12354084849357605,-0.05165976285934448,0.09692186117172241,-0.04700911045074463,0.06542646884918213,-0.004208922386169434,0.13393649458885193,-0.027653932571411133,0.1183370053768158,-0.01684117317199707,0.09658059477806091,-0.010412395000457764
4,0.0,0.0,0.004348486661911011,-0.0729684829711914,0.0435885488986969,-0.14234274625778198,0.09225919842720032,-0.17721396684646606,0.12117299437522888,-0.17916923761367798,0.014882773160934448,-0.1567104458808899,0.09963086247444153,-0.21477371454238892,0.11722803115844727,-0.18901056051254272,0.10760918259620667,-0.15816730260849,0.026207059621810913,-0.10568439960479736,0.12790539860725403,-0.14727377891540527,0.11868485808372498,-0.11711913347244263,0.08779150247573853,-0.10272902250289917,0.045257776975631714,-0.054232776165008545,0.1368277370929718,-0.09869813919067383,0.12238824367523193,-0.07445776462554932,0.09534871578216553,-0.06147688627243042,0.06603077054023743,-0.008830428123474121,0.13385090231895447,-0.052598655223846436,0.121000736951828,-0.037892162799835205,0.09966540336608887,-0.024728059768676758
4,0.0,0.0,0.0026454031467437744,-0.07195174694061279,0.03708961606025696,-0.14613670110702515,0.08318275213241577,-0.18626058101654053,0.11108770966529846,-0.18953025341033936,0.005721956491470337,-0.1574162244796753,0.08424907922744751,-0.21841031312942505,0.10444748401641846,-0.1963377594947815,0.09753304719924927,-0.16674119234085083,0.018114149570465088,-0.10682594776153564,0.11765557527542114,-0.15517407655715942,0.1111471951007843,-0.12557893991470337,0.08118242025375366,-0.10875427722930908,0.040020883083343506,-0.05653327703475952,0.12691715359687805,-0.10894584655761719,0.11474788188934326,-0.08287572860717773,0.08900931477546692,-0.06922781467437744,0.06494161486625671,-0.013617873191833496,0.1288146674633026,-0.06189495325088501,0.11594587564468384,-0.0439644455909729,0.09498947858810425,-0.028983652591705322
4,0.0,0.0,-0.0006091594696044922,-0.0725628137588501,0.025506973266601562,-0.15419012308120728,0.06323292851448059,-0.19783395528793335,0.09000653028488159,-0.1883687973022461,-0.013331025838851929,-0.1450563669204712,0.0590377151966095,-0.22012901306152344,0.08049508929252625,-0.20581012964248657,0.07791289687156677,-0.17893272638320923,0.0011191070079803467,-0.09685420989990234,0.09996461868286133,-0.16048049926757812,0.0946393609046936,-0.13309383392333984,0.06610336899757385,-0.11384856700897217,0.026848196983337402,-0.05035918951034546,0.1137225329875946,-0.11827343702316284,0.10303002595901489,-0.09186911582946777,0.077797532081604,-0.07553213834762573,0.05566048622131348,-0.012085914611816406,0.11772313714027405,-0.07103031873703003,0.10659366846084595,-0.05374330282211304,0.08573931455612183,-0.03605771064758301
4,0.0,0.0,-0.002795994281768799,-0.06910306215286255,0.02235475182533264,-0.15436077117919922,0.05972716212272644,-0.20091521739959717,0.08348366618156433,-0.18613815307617188,-0.012895554304122925,-0.1428844928741455,0.05575031042098999,-0.22196251153945923,0.07459628582000732,-0.20204216241836548,0.06867235898971558,-0.1741166114807129,0.0004839897155761719,-0.09566241502761841,0.09093460440635681,-0.16047924757003784,0.08652430772781372,-0.1313331127166748,0.05880165100097656,-0.11403411626815796,0.025297880172729492,-0.05049729347229004,0.10837903618812561,-0.11808156967163086,0.09876951575279236,-0.09107065200805664,0.07458961009979248,-0.07627582550048828,0.05454573035240173,-0.013178408145904541,0.1147957444190979,-0.07304173707962036,0.10485580563545227,-0.055181264877319336,0.0847693681716919,-0.0380558967590332
4,0.0,0.0,-0.005660057067871094,-0.07034802436828613,0.017285943031311035,-0.15697169303894043,0.052830517292022705,-0.20795267820358276,0.08119958639144897,-0.1866447925567627,-0.01573258638381958,-0.13496613502502441,0.05148378014564514,-0.2164856195449829,0.06669574975967407,-0.19842422008514404,0.05875891447067261,-0.17218804359436035,-0.00012385845184326172,-0.08793812990188599,0.08758610486984253,-0.15611809492111206,0.08370158076286316,-0.1312381625175476,0.057747602462768555,-0.11490875482559204,0.026567012071609497,-0.04295706748962402,0.10526728630065918,-0.11482340097427368,0.09566211700439453,-0.08809435367584229,0.07276651263237,-0.07253891229629517,0.05730372667312622,-0.005425989627838135,0.11368867754936218,-0.06704145669937134,0.10393628478050232,-0.04903000593185425,0.08477592468261719,-0.030433058738708496
4,0.0,0.0,-0.011992424726486206,-0.06731677055358887,0.007756859064102173,-0.15624850988388062,0.042781680822372437,-0.20730900764465332,0.0667591392993927,-0.19117897748947144,-0.026568084955215454,-0.1281430721282959,0.040215253829956055,-0.22456395626068115,0.0572432279586792,-0.2140468955039978,0.05244651436805725,-0.18426525592803955,-0.0036883652210235596,-0.08126378059387207,0.08096635341644287,-0.16531139612197876,0.07450532913208008,-0.14395827054977417,0.04941341280937195,-0.12049806118011475,0.0271146297454834,-0.03957021236419678,0.10250547528266907,-0.12828660011291504,0.08966004848480225,-0.10404115915298462,0.06767198443412781,-0.08082246780395508,0.060505062341690063,-0.006355166435241699,0.11057713627815247,-0.07831597328186035,0.09902220964431763,-0.06491124629974365,0.08139336109161377,-0.043115973472595215
4,0.0,0.0,0.004279881715774536,-0.06993401050567627,0.04341316223144531,-0.14154046773910522,0.09202811121940613,-0.17671656608581543,0.11752745509147644,-0.18178385496139526,0.012341052293777466,-0.16425257921218872,0.09868741035461426,-0.21722745895385742,0.11581233143806458,-0.19056570529937744,0.10418200492858887,-0.16174381971359253,0.02311280369758606,-0.11034142971038818,0.1264636218547821,-0.14732766151428223,0.11765989661216736,-0.11619555950164795,0.08621597290039062,-0.10346215963363647,0.04269006848335266,-0.055699825286865234,0.1348893940448761,-0.09617280960083008,0.12039700150489807,-0.07021278142929077,0.09296229481697083,-0.05903780460357666,0.06431448459625244,-0.007740676403045654,0.13511434197425842,-0.048439621925354004,0.12065044045448303,-0.031324923038482666,0.0973939299583435,-0.018116772174835205
4,0.0,0.0,0.004063516855239868,-0.07346802949905396,0.04526019096374512,-0.14589214324951172,0.09880983829498291,-0.17705857753753662,0.12316098809242249,-0.16320765018463135,0.01588955521583557,-0.16041409969329834,0.09726712107658386,-0.21322476863861084,0.1291581094264984,-0.1980380415916443,0.12916800379753113,-0.16837501525878906,0.02399936318397522,-0.10409468412399292,0.13187214732170105,-0.1386890411376953,0.12325236201286316,-0.1129637360572815,0.08922025561332703,-0.10062646865844727,0.0407278835773468,-0.0480116605758667,0.1386861503124237,-0.08385121822357178,0.12420812249183655,-0.06206202507019043,0.09411361813545227,-0.051445960998535156,0.0596843957901001,0.0026502013206481934,0.1345253884792328,-0.033465683460235596,0.12107351422309875,-0.022291839122772217,0.09512338042259216,-0.011689424514770508
4,0.0,0.0,0.013868540525436401,-0.08189576864242554,0.05893892049789429,-0.16745305061340332,0.11289522051811218,-0.20742791891098022,0.13852134346961975,-0.19122231006622314,0.01829943060874939,-0.18490493297576904,0.11229106783866882,-0.24431300163269043,0.1353929042816162,-0.21743452548980713,0.12507414817810059,-0.18717098236083984,0.02773401141166687,-0.1208580732345581,0.1416396200656891,-0.1594201922416687,0.13043490052223206,-0.12624704837799072,0.09504291415214539,-0.11502742767333984,0.04830038547515869,-0.05657929182052612,0.14922067523002625,-0.1024022102355957,0.13348469138145447,-0.07537704706192017,0.10270938277244568,-0.06449687480926514,0.07218942046165466,-0.00024306774139404297,0.14869216084480286,-0.047657668590545654,0.13265103101730347,-0.02880859375,0.10742950439453125,-0.012320637702941895
4,0.0,0.0,0.009047180414199829,-0.09601807594299316,0.049681782722473145,-0.17982172966003418,0.10675820708274841,-0.211414635181427,0.1340445876121521,-0.20145148038864136,0.006389319896697998,-0.20032644271850586,0.11401832103729248,-0.2591768503189087,0.144525408744812,-0.2338070273399353,0.13727599382400513,-0.2034139633178711,0.012367665767669678,-0.1256694793701172,0.14784151315689087,-0.16848957538604736,0.13423317670822144,-0.13662207126617432,0.09179362654685974,-0.12426549196243286,0.03377479314804077,-0.05522465705871582,0.15281301736831665,-0.101604163646698,0.13461261987686157,-0.07796096801757812,0.09759265184402466,-0.06676679849624634,0.06075620651245117,0.005952060222625732,0.15157228708267212,-0.045405030250549316,0.13530343770980835,-0.03404051065444946,0.1032574474811554,-0.021581649780273438
4,0.0,0.0,0.011715948581695557,-0.10227817296981812,0.05276346206665039,-0.19724631309509277,0.10406935214996338,-0.24250710010528564,0.13243278861045837,-0.23828566074371338,0.008144080638885498,-0.19803988933563232,0.10703262686729431,-0.2657654285430908,0.14044636487960815,-0.2516348958015442,0.1397618055343628,-0.2272425889968872,0.013390839099884033,-0.12508809566497803,0.1490306258201599,-0.1781100034713745,0.13698700070381165,-0.1463228464126587,0.09436836838722229,-0.12600606679916382,0.03348860144615173,-0.05626171827316284,0.15526258945465088,-0.11185681819915771,0.13866937160491943,-0.08791697025299072,0.1013074517250061,-0.07168078422546387,0.06051787734031677,0.0030164718627929688,0.15342944860458374,-0.05233508348464966,0.13853266835212708,-0.041080474853515625,0.10393649339675903,-0.027185440063476562
4,0.0,0.0,0.0009178817272186279,-0.09753847122192383,0.03605794906616211,-0.19213265180587769,0.09022542834281921,-0.23907965421676636,0.129246324300766,-0.23767632246017456,-0.0023297369480133057,-0.20497381687164307,0.1042080819606781,-0.28270936012268066,0.13329756259918213,-0.26482850313186646,0.12942123413085938,-0.2352849841117859,0.003313779830932617,-0.13291817903518677,0.14355623722076416,-0.19450139999389648,0.129653662443161,-0.16097629070281982,0.08473736047744751,-0.13802635669708252,0.02583622932434082,-0.06417447328567505,0.15514665842056274,-0.12720400094985962,0.13432645797729492,-0.10148847103118896,0.09249284863471985,-0.08330237865447998,0.05521419644355774,-0.005612373352050781,0.15066009759902954,-0.06672930717468262,0.1337698996067047,-0.05073744058609009,0.0985059142112732,-0.035305023193359375
4,0.0,0.0,-0.004456847906112671,-0.10471391677856445,0.011497467756271362,-0.19744211435317993,0.0467248260974884,-0.24536621570587158,0.07020223140716553,-0.2526807188987732,-0.038349658250808716,-0.1995130181312561,0.03358390927314758,-0.29718446731567383,0.07997038960456848,-0.293965220451355,0.09300282597541809,-0.2668697237968445,-0.02160140872001648,-0.1284559965133667,0.10428836941719055,-0.22769641876220703,0.10961279273033142,-0.18657785654067993,0.07620498538017273,-0.149905264377594,0.011781036853790283,-0.0641251802444458,0.1252414584159851,-0.15848290920257568,0.1201707124710083,-0.12993234395980835,0.08739647269248962,-0.1040467619895935,0.04819616675376892,-0.012302398681640625,0.13191601634025574,-0.09323853254318237,0.12587034702301025,-0.08507537841796875,0.09785771369934082,-0.06478071212768555
4,0.0,0.0,-0.010947436094284058,-0.10899370908737183,0.004196912050247192,-0.20731425285339355,0.04259064793586731,-0.25686830282211304,0.06903076171875,-0.2560116648674011,-0.04033496975898743,-0.2005152702331543,0.031891047954559326,-0.3001231551170349,0.0761309564113617,-0.2976120114326477,0.08484354615211487,-0.26822322607040405,-0.020099163055419922,-0.12958818674087524,0.10228824615478516,-0.23458796739578247,0.10847771167755127,-0.1959283947944641,0.07464808225631714,-0.15708523988723755,0.015133112668991089,-0.06625771522521973,0.12434199452400208,-0.16751408576965332,0.1183362603187561,-0.14064258337020874,0.08483514189720154,-0.11278295516967773,0.05267801880836487,-0.01380699872970581,0.13144338130950928,-0.10070782899856567,0.12391668558120728,-0.0925942063331604,0.09588637948036194,-0.06909924745559692
4,0.0,0.0,-0.0059552788734436035,-0.09550988674163818,0.00024259090423583984,-0.16935354471206665,0.02529183030128479,-0.21139472723007202,0.0422150194644928,-0.22178757190704346,-0.06422990560531616,-0.18703657388687134,0.009168386459350586,-0.2715793251991272,0.05309566855430603,-0.2655472755432129,0.06413581967353821,-0.23797553777694702,-0.05038270354270935,-0.11389279365539551,0.07728692889213562,-0.20146310329437256,0.08803066611289978,-0.1605880856513977,0.05807223916053772,-0.12939178943634033,-0.01569482684135437,-0.05041098594665527,0.10342943668365479,-0.13663262128829956,0.09775123000144958,-0.10948789119720459,0.06329342722892761,-0.08951467275619507,0.02198973298072815,0.0007796883583068848,0.1093587577342987,-0.07322549819946289,0.10377076268196106,-0.0620308518409729,0.07596799731254578,-0.04327660799026489
4,0.0,0.0,0.00016891956329345703,-0.10687083005905151,0.036624014377593994,-0.2013757824897766,0.08952906727790833,-0.246209979057312,0.12284055352210999,-0.24341022968292236,0.005250871181488037,-0.21719300746917725,0.09414529800415039,-0.2979617714881897,0.13141047954559326,-0.2850762605667114,0.1361297369003296,-0.25517696142196655,0.013529300689697266,-0.1472119688987732,0.14212310314178467,-0.20748919248580933,0.1358163058757782,-0.16858309507369995,0.09959635138511658,-0.14593911170959473,0.03660169243812561,-0.07762157917022705,0.1562006175518036,-0.1415613889694214,0.14153528213500977,-0.11395984888076782,0.10590782761573792,-0.09662997722625732,0.06506204605102539,-0.017786026000976562,0.15801241993904114,-0.07818847894668579,0.14593851566314697,-0.06462424993515015,0.11437076330184937,-0.04764819145202637
4,0.0,0.0,0.01713019609451294,-0.10208427906036377,0.06658995151519775,-0.1925290822982788,0.12319716811180115,-0.22857648134231567,0.14504539966583252,-0.21739929914474487,0.018914759159088135,-0.21542459726333618,0.12718144059181213,-0.27341026067733765,0.15695101022720337,-0.2361932396888733,0.14613428711891174,-0.20233392715454102,0.016198039054870605,-0.143893301486969,0.15664368867874146,-0.17234814167022705,0.1450222134590149,-0.1337604522705078,0.10064160823822021,-0.12467151880264282,0.0295601487159729,-0.07076054811477661,0.1576375961303711,-0.09951514005661011,0.14015576243400574,-0.0728224515914917,0.1004619300365448,-0.06660056114196777,0.04993137717247009,-0.004524171352386475,0.15289056301116943,-0.03973269462585449,0.13779443502426147,-0.025238871574401855,0.10218575596809387,-0.018211305141448975
4,0.0,0.0,0.02410072088241577,-0.09256601333618164,0.07481688261032104,-0.1699177622795105,0.13061243295669556,-0.19212067127227783,0.15507450699806213,-0.17597883939743042,0.028269201517105103,-0.19219237565994263,0.13111335039138794,-0.234516441822052,0.1665046513080597,-0.2113150954246521,0.16551926732063293,-0.18063890933990479,0.025729238986968994,-0.1187748908996582,0.1591736376285553,-0.13408702611923218,0.14541968703269958,-0.10776323080062866,0.10430586338043213,-0.1042127013206482,0.039241254329681396,-0.045967936515808105,0.16136124730110168,-0.06907618045806885,0.14342188835144043,-0.05052495002746582,0.10707926750183105,-0.046955227851867676,0.058909595012664795,0.019556879997253418,0.1543152630329132,-0.011493086814880371,0.1378970444202423,-0.004400968551635742,0.10559648275375366,0.0020548105239868164
4,0.0,0.0,0.023273706436157227,-0.09503841400146484,0.07548931241035461,-0.17431408166885376,0.13440057635307312,-0.19585305452346802,0.15679475665092468,-0.18002164363861084,0.03346243500709534,-0.20483875274658203,0.14942201972007751,-0.2319779396057129,0.17756345868110657,-0.19582009315490723,0.16750404238700867,-0.16740447282791138,0.02703288197517395,-0.13165324926376343,0.16708418726921082,-0.13158190250396729,0.1518603265285492,-0.10541093349456787,0.10805973410606384,-0.10476517677307129,0.0362706184387207,-0.056317031383514404,0.16189631819725037,-0.06397074460983276,0.14206281304359436,-0.04874980449676514,0.10410627722740173,-0.04913824796676636,0.05231323838233948,0.011817455291748047,0.15184244513511658,-0.00936216115951538,0.13478928804397583,-0.004904270172119141,0.10055267810821533,-0.003625810146331787
4,0.0,0.0,0.026765137910842896,-0.09050196409225464,0.08499306440353394,-0.1666467785835266,0.145374596118927,-0.18497580289840698,0.16817432641983032,-0.1685948371887207,0.045015037059783936,-0.1957339644432068,0.15930050611495972,-0.2192135453224182,0.18148815631866455,-0.18821924924850464,0.1668298840522766,-0.1661829948425293,0.03912213444709778,-0.1251731514930725,0.17521250247955322,-0.12250232696533203,0.15636533498764038,-0.09824305772781372,0.11065599322319031,-0.1003185510635376,0.04696542024612427,-0.05145156383514404,0.16920435428619385,-0.056963324546813965,0.14587479829788208,-0.039309024810791016,0.1068832278251648,-0.04139143228530884,0.06090730428695679,0.01631218194961548,0.15600866079330444,-0.002132236957550049,0.13615316152572632,0.006185293197631836,0.10288640856742859,0.008159875869750977
4,0.0,0.0,0.03187549114227295,-0.09222662448883057,0.09547567367553711,-0.16936635971069336,0.1559584140777588,-0.1918964385986328,0.17382460832595825,-0.16449600458145142,0.050338149070739746,-0.18751925230026245,0.15446460247039795,-0.2133459448814392,0.18112027645111084,-0.1868857741355896,0.17134732007980347,-0.16150063276290894,0.04229062795639038,-0.1192399263381958,0.18038910627365112,-0.11753630638122559,0.16057515144348145,-0.09409362077713013,0.11119964718818665,-0.09416329860687256,0.04902145266532898,-0.047292888164520264,0.17253655195236206,-0.05524802207946777,0.1500253677368164,-0.03541630506515503,0.11039522290229797,-0.03552800416946411,0.06277665495872498,0.02053654193878174,0.1570529341697693,0.00037044286727905273,0.1378021240234375,0.010159492492675781,0.10593366622924805,0.01318889856338501
4,0.0,0.0,0.02911442518234253,-0.08901619911193848,0.08726078271865845,-0.16275763511657715,0.1483745574951172,-0.18268251419067383,0.17748510837554932,-0.1727859377861023,0.05545911192893982,-0.19295340776443481,0.15744733810424805,-0.21922868490219116,0.18751198053359985,-0.19886791706085205,0.1826775074005127,-0.17817139625549316,0.046160876750946045,-0.12830042839050293,0.17999505996704102,-0.12056171894073486,0.1625184416770935,-0.0956605076789856,0.1197327971458435,-0.0982276201248169,0.05142635107040405,-0.05559581518173218,0.17211705446243286,-0.054001808166503906,0.1504475474357605,-0.035861194133758545,0.11301729083061218,-0.039589643478393555,0.06251856684684753,0.013738572597503662,0.15805059671401978,0.0009593367576599121,0.14082270860671997,0.008361876010894775,0.10922276973724365,0.008306443691253662
4,0.0,0.0,0.03512677550315857,-0.08492398262023926,0.09973350167274475,-0.1483304500579834,0.161184161901474,-0.1615501046180725,0.18862441182136536,-0.15596896409988403,0.06973659992218018,-0.1879439353942871,0.1820240318775177,-0.20003217458724976,0.20525804162025452,-0.17189109325408936,0.19276514649391174,-0.1476646065711975,0.058236896991729736,-0.1182173490524292,0.1948801577091217,-0.09832864999771118,0.17166385054588318,-0.07746344804763794,0.12604966759681702,-0.0829993486404419,0.06040683388710022,-0.043907761573791504,0.18317463994026184,-0.03602325916290283,0.15679338574409485,-0.021991848945617676,0.1180654764175415,-0.026972174644470215,0.06885409355163574,0.025571048259735107,0.16428235173225403,0.016053736209869385,0.14285680651664734,0.020895719528198242,0.11100724339485168,0.019564449787139893
4,0.0,0.0,0.03172940015792847,-0.08046925067901611,0.0946665108203888,-0.1410994529724121,0.1555202603340149,-0.1532229781150818,0.1864994764328003,-0.14768552780151367,0.06617438793182373,-0.17772680521011353,0.17618387937545776,-0.19592982530593872,0.20454299449920654,-0.16316014528274536,0.19498789310455322,-0.13313108682632446,0.054786235094070435,-0.11008083820343018,0.19068968296051025,-0.09160637855529785,0.1668184995651245,-0.06728428602218628,0.12090861797332764,-0.07288235425949097,0.056978583335876465,-0.037472665309906006,0.17777574062347412,-0.028083741664886475,0.15145719051361084,-0.011353015899658203,0.11387953162193298,-0.015391290187835693,0.06464514136314392,0.03061622381210327,0.15744507312774658,0.023799896240234375,0.13683557510375977,0.03158080577850342,0.10625764727592468,0.03174734115600586
1,0.0,0.0,0.02117064595222473,-0.04880481958389282,0.047982215881347656,-0.08822554349899292,0.06537178158760071,-0.12141579389572144,0.07739260792732239,-0.1548370122909546,0.01990833878517151,-0.052374958992004395,0.07467234134674072,-0.01862996816635132,0.10874900221824646,0.0002804398536682129,0.13579657673835754,0.016393601894378662,0.009017020463943481,-0.0032759904861450195,0.07625699043273926,0.027185261249542236,0.11900988221168518,0.04547858238220215,0.1502152383327484,0.06012928485870361,0.00722917914390564,0.03736358880996704,0.07019487023353577,0.06177878379821777,0.1108185350894928,0.07693666219711304,0.14166870713233948,0.0868602991104126,0.012599140405654907,0.06764435768127441,0.059568583965301514,0.08846765756607056,0.08950480818748474,0.10121077299118042,0.11423322558403015,0.1089930534362793
1,0.0,0.0,0.01706218719482422,-0.04912012815475464,0.03366169333457947,-0.09190702438354492,0.044903695583343506,-0.12757790088653564,0.05387228727340698,-0.1608365774154663,0.006450057029724121,-0.0525396466255188,0.059201061725616455,-0.02265477180480957,0.09293675422668457,-0.005544185638427734,0.119534432888031,0.008508145809173584,-0.003295034170150757,-0.004161059856414795,0.06294798851013184,0.021477341651916504,0.10459649562835693,0.03781098127365112,0.1352822184562683,0.05119854211807251,-0.004026889801025391,0.035759687423706055,0.05824011564254761,0.05630195140838623,0.09706175327301025,0.07177120447158813,0.1269068717956543,0.08157873153686523,0.0013190507888793945,0.06571060419082642,0.04601103067398071,0.08369708061218262,0.07459676265716553,0.09535211324691772,0.09838598966598511,0.1018601655960083
1,0.0,0.0,0.018243521451950073,-0.048587679862976074,0.02989882230758667,-0.08869117498397827,0.039011150598526,-0.12300950288772583,0.04855939745903015,-0.15471124649047852,-0.010502219200134277,-0.055451035499572754,0.03857016563415527,-0.02072727680206299,0.07295867800712585,-0.0006282925605773926,0.1000085175037384,0.01592475175857544,-0.024965018033981323,-0.007510662078857422,0.039173275232315063,0.02757441997528076,0.08123436570167542,0.04714500904083252,0.11303946375846863,0.06242966651916504,-0.026776820421218872,0.0329323410987854,0.03311243653297424,0.06419587135314941,0.07262548804283142,0.08024626970291138,0.10199412703514099,0.09064549207687378,-0.020257145166397095,0.06521689891815186,0.022269725799560547,0.08947098255157471,0.051072776317596436,0.10180658102035522,0.07424798607826233,0.10789960622787476
1,0.0,0.0,0.030430138111114502,-0.041530072689056396,0.06629312038421631,-0.07546395063400269,0.08961182832717896,-0.10561823844909668,0.10620307922363281,-0.13956797122955322,0.03962394595146179,-0.05021083354949951,0.09274262189865112,-0.010054528713226318,0.12596017122268677,0.013787031173706055,0.15230262279510498,0.034541547298431396,0.0244101881980896,-0.003504157066345215,0.08982524275779724,0.03559607267379761,0.13059812784194946,0.06062501668930054,0.16048121452331543,0.08120083808898926,0.016933202743530273,0.03898495435714722,0.079079270362854,0.07266604900360107,0.1179313063621521,0.09339994192123413,0.1470469832420349,0.10799455642700195,0.016241639852523804,0.07391190528869629,0.06268629431724548,0.0992479920387268,0.09167221188545227,0.11383384466171265,0.11564749479293823,0.12386709451675415
1,0.0,0.0,0.021252959966659546,-0.04473036527633667,0.04414185881614685,-0.08199465274810791,0.06687700748443604,-0.10789710283279419,0.08460241556167603,-0.1378067135810852,0.02100929617881775,-0.05085498094558716,0.06734693050384521,-0.004363358020782471,0.10057884454727173,0.03068554401397705,0.12681710720062256,0.054317355155944824,0.003017038106918335,-0.005106031894683838,0.061149001121520996,0.04554849863052368,0.10234534740447998,0.07288259267807007,0.1325991153717041,0.0919310450553894,-0.006319761276245117,0.032225608825683594,0.04962104558944702,0.07711625099182129,0.08889609575271606,0.09646505117416382,0.11799436807632446,0.10774511098861694,-0.0089225172996521,0.062096476554870605,0.035212188959121704,0.10178065299987793,0.0671471357345581,0.11476767063140869,0.09223669767379761,0.12350726127624512
1,0.0,0.0,0.0327448844909668,-0.04635214805603027,0.07648169994354248,-0.07899469137191772,0.11008456349372864,-0.10356813669204712,0.13486066460609436,-0.13088887929916382,0.06839555501937866,-0.060843467712402344,0.12171056866645813,-0.006419003009796143,0.15243062376976013,0.02655792236328125,0.1770246922969818,0.048545897006988525,0.04964432120323181,-0.02149832248687744,0.11299946904182434,0.038212716579437256,0.15393725037574768,0.07180672883987427,0.18668898940086365,0.09657752513885498,0.0351313054561615,0.01813441514968872,0.09865111112594604,0.073719322681427,0.13497665524482727,0.1010100245475769,0.16262653470039368,0.1212126612663269,0.025862425565719604,0.05476343631744385,0.07250216603279114,0.09407830238342285,0.10248550772666931,0.10972011089324951,0.12601926922798157,0.12381672859191895
1,0.0,0.0,0.034603625535964966,-0.04103958606719971,0.07934156060218811,-0.07335257530212402,0.11022275686264038,-0.09891301393508911,0.13587093353271484,-0.1238521933555603,0.05856978893280029,-0.05212026834487915,0.11557894945144653,-0.006341755390167236,0.14870184659957886,0.023257434368133545,0.17299789190292358,0.04838228225708008,0.04264742136001587,-0.00866919755935669,0.1094902753829956,0.0372314453125,0.15017563104629517,0.06839513778686523,0.1791110634803772,0.09127157926559448,0.032171428203582764,0.03330153226852417,0.09516900777816772,0.07212388515472412,0.1341899037361145,0.09790891408920288,0.16408300399780273,0.11420905590057373,0.02780190110206604,0.06948763132095337,0.07557487487792969,0.09894108772277832,0.10423022508621216,0.11536264419555664,0.1274471879005432,0.1258106827735901
1,0.0,0.0,0.032144695520401,-0.04723018407821655,0.07666012644767761,-0.0831291675567627,0.1100904643535614,-0.10840004682540894,0.13538697361946106,-0.13646161556243896,0.06683960556983948,-0.059425950050354004,0.12279608845710754,-0.0093306303024292,0.15527990460395813,0.022517800331115723,0.1814766824245453,0.04572951793670654,0.04858165979385376,-0.019022583961486816,0.11375895142555237,0.033057332038879395,0.15655258297920227,0.0634608268737793,0.19029733538627625,0.08644288778305054,0.03592771291732788,0.021800875663757324,0.10185906291007996,0.07148337364196777,0.1421593725681305,0.09627848863601685,0.17215105891227722,0.11442041397094727,0.028408318758010864,0.059081971645355225,0.0781225860118866,0.09482008218765259,0.11046132445335388,0.10947954654693604,0.13585242629051208,0.1223563551902771
1,0.0,0.0,0.03548151254653931,-0.04693180322647095,0.0800674557685852,-0.08605194091796875,0.11240279674530029,-0.1134214997291565,0.13606035709381104,-0.14358675479888916,0.06529578566551208,-0.06020796298980713,0.11984246969223022,-0.009003102779388428,0.15164393186569214,0.0199660062789917,0.17799919843673706,0.04159903526306152,0.048705339431762695,-0.017513811588287354,0.11356288194656372,0.03228789567947388,0.15521645545959473,0.06027263402938843,0.18890297412872314,0.08200222253799438,0.03708872199058533,0.023656070232391357,0.10262233018875122,0.06882810592651367,0.1416885256767273,0.09089982509613037,0.17118066549301147,0.10818350315093994,0.03119155764579773,0.06120955944061279,0.08043253421783447,0.09381014108657837,0.11132270097732544,0.1079975962638855,0.13619238138198853,0.12007522583007812
1,0.0,0.0,0.033086806535720825,-0.052392542362213135,0.06343305110931396,-0.09890538454055786,0.0821889340877533,-0.143726646900177,0.10371842980384827,-0.18815267086029053,0.03109768033027649,-0.06432729959487915,0.09562960267066956,-0.007044494152069092,0.1426636278629303,0.03558439016342163,0.18070712685585022,0.06903952360153198,0.008478611707687378,-0.008086323738098145,0.08579346537590027,0.05969536304473877,0.14414605498313904,0.09804564714431763,0.18849840760231018,0.1235080361366272,-0.0018034577369689941,0.041180551052093506,0.07549697160720825,0.10771262645721436,0.1253471076488495,0.1377427577972412,0.1630261242389679,0.16023105382919312,-0.0006664097309112549,0.0811997652053833,0.05778387188911438,0.13707542419433594,0.09629282355308533,0.15796512365341187,0.12583878636360168,0.17315268516540527
1,0.0,0.0,0.03742656111717224,-0.052667975425720215,0.07251930236816406,-0.09938198328018188,0.09444215893745422,-0.13744688034057617,0.11312088370323181,-0.17863047122955322,0.029906749725341797,-0.0572550892829895,0.09701493382453918,0.01045536994934082,0.14534005522727966,0.04712021350860596,0.18411806225776672,0.07748651504516602,0.008507579565048218,0.00965738296508789,0.09585687518119812,0.07612466812133789,0.1601286232471466,0.11543548107147217,0.2093774974346161,0.14543581008911133,0.00125885009765625,0.06616032123565674,0.08626511693000793,0.12741100788116455,0.1427556574344635,0.15476369857788086,0.18327924609184265,0.17730110883712769,0.003863304853439331,0.10966038703918457,0.06787878274917603,0.15911126136779785,0.10969379544258118,0.17479950189590454,0.1406463086605072,0.18812775611877441
1,0.0,0.0,0.034766554832458496,-0.061965882778167725,0.07701054215431213,-0.11278527975082397,0.10066568851470947,-0.15722447633743286,0.12055474519729614,-0.2018771767616272,0.032989710569381714,-0.06900852918624878,0.10058069229125977,-0.02235233783721924,0.149705171585083,0.008170843124389648,0.1895175576210022,0.03370767831802368,0.01582193374633789,-0.0007676482200622559,0.10004892945289612,0.04559582471847534,0.16183018684387207,0.08070814609527588,0.20952004194259644,0.10696530342102051,0.011898070573806763,0.05435127019882202,0.0877300500869751,0.09361463785171509,0.14481490850448608,0.12329822778701782,0.18954968452453613,0.14316874742507935,0.01856878399848938,0.09405416250228882,0.07498002052307129,0.12904107570648193,0.11335927248001099,0.15169084072113037,0.1453326940536499,0.16717201471328735
1,0.0,0.0,0.04597550630569458,-0.05407005548477173,0.09785428643226624,-0.11345821619033813,0.12958553433418274,-0.15591734647750854,0.1496330201625824,-0.19769757986068726,0.06258067488670349,-0.0800483226776123,0.1304968297481537,-0.019366443157196045,0.17558911442756653,0.01537179946899414,0.21082720160484314,0.04126209020614624,0.039165645837783813,-0.016785264015197754,0.12440016865730286,0.04408621788024902,0.18533042073249817,0.0807991623878479,0.23129549622535706,0.10799390077590942,0.027164071798324585,0.04051077365875244,0.11011037230491638,0.09696924686431885,0.16627010703086853,0.126154363155365,0.20676067471504211,0.1467927098274231,0.024701833724975586,0.08858484029769897,0.09216830134391785,0.13513410091400146,0.13348659873008728,0.15194636583328247,0.16507968306541443,0.16165977716445923
1,0.0,0.0,0.036576688289642334,-0.053581416606903076,0.08278986811637878,-0.11142581701278687,0.11216720938682556,-0.15233838558197021,0.1379634439945221,-0.1923614740371704,0.056194573640823364,-0.06973302364349365,0.12561431527137756,-0.015855371952056885,0.17312082648277283,0.013539254665374756,0.2100268304347992,0.03772538900375366,0.036985427141189575,-0.010540485382080078,0.12542477250099182,0.04580038785934448,0.1848786175251007,0.07996797561645508,0.22944965958595276,0.10471528768539429,0.027705013751983643,0.04386216402053833,0.11143836379051208,0.09623914957046509,0.16623249650001526,0.12504351139068604,0.20605167746543884,0.14424389600753784,0.02684962749481201,0.09074771404266357,0.09163132309913635,0.13268208503723145,0.1315065324306488,0.14980006217956543,0.16203239560127258,0.1601111888885498
1,0.0,0.0,0.024441033601760864,-0.05926775932312012,0.05129721760749817,-0.11078232526779175,0.075371652841568,-0.15496844053268433,0.09529927372932434,-0.20060068368911743,0.0238972008228302,-0.0850975513458252,0.08658745884895325,-0.03657221794128418,0.12987884879112244,0.005696475505828857,0.16561105847358704,0.04009890556335449,0.003945738077163696,-0.035032451152801514,0.07548388838768005,0.02875196933746338,0.12926039099693298,0.06741118431091309,0.17081168293952942,0.09610003232955933,-0.005453705787658691,0.010037064552307129,0.07104548811912537,0.07139080762863159,0.12028148770332336,0.1016271710395813,0.1589660942554474,0.1226048469543457,-0.0025207102298736572,0.048210859298706055,0.0615868866443634,0.10206258296966553,0.10082533955574036,0.12474185228347778,0.13074991106987,0.13970589637756348
1,0.0,0.0,0.031215637922286987,-0.06172853708267212,0.07169470191001892,-0.11181795597076416,0.10111066699028015,-0.15108132362365723,0.12486431002616882,-0.1956126093864441,0.05007252097129822,-0.07555192708969116,0.1237575113773346,-0.02155756950378418,0.1700679361820221,0.014154374599456787,0.20684072375297546,0.04297608137130737,0.029226630926132202,-0.022648632526397705,0.11915698647499084,0.0391044020652771,0.17749187350273132,0.07522451877593994,0.22322019934654236,0.1020272970199585,0.019817769527435303,0.0265963077545166,0.10676053166389465,0.0860300064086914,0.16069039702415466,0.11309093236923218,0.20071372389793396,0.13367265462875366,0.01910051703453064,0.06619471311569214,0.08722159266471863,0.11354327201843262,0.12826719880104065,0.1300695538520813,0.1593351662158966,0.1437053084373474
1,0.0,0.0,0.023252516984939575,-0.05089789628982544,0.057119935750961304,-0.10144728422164917,0.08345761895179749,-0.1439722180366516,0.10720321536064148,-0.18963003158569336,0.03406384587287903,-0.07197719812393188,0.10746029019355774,-0.017397046089172363,0.15325447916984558,0.017800569534301758,0.19029822945594788,0.046695828437805176,0.01588776707649231,-0.025741100311279297,0.09993323683738708,0.04261726140975952,0.15534749627113342,0.07955217361450195,0.19855734705924988,0.10364854335784912,0.007496625185012817,0.018408775329589844,0.08965680003166199,0.07968872785568237,0.13856467604637146,0.11018610000610352,0.17623600363731384,0.13202565908432007,0.009661883115768433,0.055796146392822266,0.07457670569419861,0.10715067386627197,0.1128644049167633,0.12826764583587646,0.1414845883846283,0.14334511756896973
1,0.0,0.0,0.022424519062042236,-0.06371796131134033,0.052270710468292236,-0.11972463130950928,0.0780324935913086,-0.16264760494232178,0.10270172357559204,-0.20540565252304077,0.035959601402282715,-0.09279477596282959,0.10613840818405151,-0.035345613956451416,0.151262104511261,0.0016585588455200195,0.18745875358581543,0.03317743539810181,0.016088545322418213,-0.04797095060348511,0.09877729415893555,0.022786736488342285,0.1550140380859375,0.06011873483657837,0.20020902156829834,0.08696448802947998,0.003995418548583984,-0.004678010940551758,0.08672285079956055,0.06133002042770386,0.13751304149627686,0.09403109550476074,0.17805367708206177,0.1194801926612854,0.001978576183319092,0.034728944301605225,0.0683550238609314,0.08808451890945435,0.10947120189666748,0.11077362298965454,0.14157205820083618,0.12764251232147217
1,0.0,0.0,0.03165718913078308,-0.058481812477111816,0.07647547125816345,-0.11644619703292847,0.10640928149223328,-0.15686863660812378,0.12944325804710388,-0.19888371229171753,0.05207487940788269,-0.07735663652420044,0.12462720274925232,-0.026486575603485107,0.1740390956401825,-0.0011115670204162598,0.21192988753318787,0.021195590496063232,0.03603807091712952,-0.01505345106124878,0.12678804993629456,0.03206855058670044,0.1891309916973114,0.060047149658203125,0.23386898636817932,0.08288425207138062,0.02941998839378357,0.04146832227706909,0.11601141095161438,0.08314496278762817,0.17418697476387024,0.10559260845184326,0.2154979407787323,0.12045371532440186,0.03088971972465515,0.08761787414550781,0.09716203808784485,0.12047260999679565,0.1386585533618927,0.13323163986206055,0.17040809988975525,0.1412287950515747
1,0.0,0.0,0.015544325113296509,-0.0595363974571228,0.038768231868743896,-0.10875779390335083,0.059542298316955566,-0.1498469114303589,0.07920300960540771,-0.18645405769348145,0.01336061954498291,-0.08167028427124023,0.066159188747406,-0.054942190647125244,0.106586754322052,-0.026771724224090576,0.14333808422088623,-0.008754312992095947,-0.004177182912826538,-0.026687026023864746,0.07052421569824219,0.02120339870452881,0.12341773509979248,0.05047893524169922,0.16771745681762695,0.07119852304458618,-0.01084280014038086,0.02223604917526245,0.06596344709396362,0.07146137952804565,0.11866956949234009,0.09167623519897461,0.16256672143936157,0.10599696636199951,-0.007731258869171143,0.06565701961517334,0.05302804708480835,0.10573846101760864,0.09332472085952759,0.12378162145614624,0.12639808654785156,0.13853669166564941
1,0.0,0.0,0.027001231908798218,-0.05931961536407471,0.0582195520401001,-0.11012417078018188,0.08081430196762085,-0.15108388662338257,0.10323697328567505,-0.18738025426864624,0.03400993347167969,-0.08654707670211792,0.09938573837280273,-0.038886845111846924,0.14583349227905273,-0.00990992784500122,0.18581736087799072,0.011728465557098389,0.0178392231464386,-0.029636502265930176,0.10013055801391602,0.0271453857421875,0.15665781497955322,0.05382943153381348,0.2019108533859253,0.0737084150314331,0.011817097663879395,0.023183703422546387,0.09401679039001465,0.07688784599304199,0.14609843492507935,0.09960347414016724,0.1863129734992981,0.11998432874679565,0.013286948204040527,0.06848710775375366,0.0774620771408081,0.1055174469947815,0.11717373132705688,0.12007814645767212,0.1482263207435608,0.13399380445480347
1,0.0,0.0,0.03243166208267212,-0.052512168884277344,0.06621003150939941,-0.09795117378234863,0.08734846115112305,-0.13706552982330322,0.10115200281143188,-0.18185311555862427,0.03504520654678345,-0.060115277767181396,0.10805237293243408,-0.006375551223754883,0.15472698211669922,0.0270577073097229,0.19016343355178833,0.05217164754867554,0.017435312271118164,-0.0052430033683776855,0.10374820232391357,0.05163609981536865,0.16304707527160645,0.08161324262619019,0.20757031440734863,0.10389035940170288,0.01006317138671875,0.0453072190284729,0.09303474426269531,0.09859603643417358,0.1426619291305542,0.12101763486862183,0.1777210235595703,0.13931512832641602,0.010421007871627808,0.08517849445343018,0.07357895374298096,0.12482833862304688,0.11143475770950317,0.1339491605758667,0.13874459266662598,0.14236235618591309
1,0.0,0.0,0.03846535086631775,-0.05063629150390625,0.07917159795761108,-0.10272878408432007,0.10309317708015442,-0.14358758926391602,0.11390075087547302,-0.18951255083084106,0.04341548681259155,-0.07124561071395874,0.11236640810966492,-0.013455808162689209,0.1579805314540863,0.016947031021118164,0.1927115023136139,0.03904980421066284,0.025060713291168213,-0.013168513774871826,0.11248847842216492,0.03893309831619263,0.17229744791984558,0.07006716728210449,0.21775230765342712,0.09243190288543701,0.016708701848983765,0.040532708168029785,0.10266110301017761,0.08907079696655273,0.15769818425178528,0.11061358451843262,0.198407381772995,0.1256762146949768,0.01625409722328186,0.08526468276977539,0.08034360408782959,0.12442690134048462,0.12093362212181091,0.1366087794303894,0.15265342593193054,0.14397543668746948
1,0.0,0.0,0.03191038966178894,-0.06208068132400513,0.07788407802581787,-0.11094868183135986,0.10716575384140015,-0.1498965620994568,0.12706789374351501,-0.1900169849395752,0.05040290951728821,-0.07244223356246948,0.11392197012901306,-0.03342723846435547,0.156389057636261,-0.010201632976531982,0.19065147638320923,0.009995996952056885,0.03797981142997742,-0.013078153133392334,0.11697939038276672,0.021887660026550293,0.16948795318603516,0.044462382793426514,0.20846372842788696,0.061262309551239014,0.033815741539001465,0.036386311054229736,0.10643503069877625,0.06772357225418091,0.15560102462768555,0.08720731735229492,0.19344133138656616,0.09762740135192871,0.03676557540893555,0.07373285293579102,0.09338554739952087,0.09892100095748901,0.12960922718048096,0.11288529634475708,0.1593264937400818,0.11968821287155151
1,0.0,0.0,0.02496105432510376,-0.050063252449035645,0.05017682909965515,-0.09103477001190186,0.07073381543159485,-0.12459194660186768,0.0838066041469574,-0.1658269166946411,0.023857533931732178,-0.04569774866104126,0.08734199404716492,-0.00016832351684570312,0.1298711597919464,0.030325591564178467,0.1615370810031891,0.05128467082977295,0.0073330700397491455,0.010908007621765137,0.08356395363807678,0.055658578872680664,0.13403037190437317,0.07975059747695923,0.16993817687034607,0.09584730863571167,0.0006966590881347656,0.055260419845581055,0.07133069634437561,0.09489494562149048,0.11766144633293152,0.10988986492156982,0.15021410584449768,0.11809015274047852,0.00025385618209838867,0.08876192569732666,0.05439063906669617,0.12505102157592773,0.0902802050113678,0.1369529366493225,0.11682018637657166,0.14465725421905518
1,0.0,0.0,0.02500051259994507,-0.05205327272415161,0.05259045958518982,-0.09215384721755981,0.07561895251274109,-0.12188482284545898,0.08997079730033875,-0.15747535228729248,0.02639254927635193,-0.04061669111251831,0.09120336174964905,0.007575273513793945,0.1333390772342682,0.03638726472854614,0.164516419172287,0.0561140775680542,0.012280553579330444,0.01771491765975952,0.0888376533985138,0.06147468090057373,0.13867750763893127,0.0813748836517334,0.1734122335910797,0.09415394067764282,0.006297022104263306,0.06191432476043701,0.0777522623538971,0.09909528493881226,0.12127092480659485,0.11128538846969604,0.1505351960659027,0.11808580160140991,0.005960315465927124,0.09505605697631836,0.06245884299278259,0.12728965282440186,0.09734120965003967,0.13629215955734253,0.12248829007148743,0.14339441061019897
1,0.0,0.0,0.020017802715301514,-0.048791348934173584,0.04027995467185974,-0.08709436655044556,0.061616867780685425,-0.12177813053131104,0.07977131009101868,-0.15780222415924072,0.02231082320213318,-0.048111140727996826,0.0814809501171112,-0.010485291481018066,0.12182042002677917,0.02420133352279663,0.15084543824195862,0.048253417015075684,0.004847854375839233,0.005325675010681152,0.07740512490272522,0.05021309852600098,0.12538328766822815,0.07735860347747803,0.15975311398506165,0.09714615345001221,-0.003929704427719116,0.04791581630706787,0.0648944079875946,0.08733737468719482,0.11083361506462097,0.10285967588424683,0.14418789744377136,0.11224585771560669,-0.005828946828842163,0.08133280277252197,0.04853886365890503,0.12066018581390381,0.0836043655872345,0.134443461894989,0.10987338423728943,0.14459681510925293
1,0.0,0.0,0.022731691598892212,-0.04990774393081665,0.04251992702484131,-0.09375423192977905,0.05799823999404907,-0.1340845823287964,0.07175427675247192,-0.17788726091384888,0.016018956899642944,-0.07041364908218384,0.07006210088729858,-0.032412946224212646,0.1091415286064148,0.0019852519035339355,0.1378467082977295,0.02640509605407715,-0.0017542243003845215,-0.018275737762451172,0.06577146053314209,0.028555870056152344,0.11400741338729858,0.05630713701248169,0.1483844518661499,0.07700830698013306,-0.009659498929977417,0.02562093734741211,0.05594554543495178,0.0672459602355957,0.10185796022415161,0.08331626653671265,0.13456863164901733,0.09330081939697266,-0.009608685970306396,0.060516178607940674,0.042060136795043945,0.09741455316543579,0.07706338167190552,0.11092787981033325,0.10251724720001221,0.12124407291412354
1,0.0,0.0,0.02625182271003723,-0.0537075400352478,0.06799820065498352,-0.09571510553359985,0.10141542553901672,-0.12759971618652344,0.12882396578788757,-0.1615610122680664,0.06593170762062073,-0.07635498046875,0.1287362277507782,-0.01827239990234375,0.16947445273399353,0.018749892711639404,0.20258387923240662,0.0463564395904541,0.04794517159461975,-0.029591858386993408,0.12071868777275085,0.034754157066345215,0.16701021790504456,0.07263815402984619,0.2036735713481903,0.09772706031799316,0.03512769937515259,0.01908862590789795,0.10744211077690125,0.07403075695037842,0.1513998806476593,0.10184586048126221,0.18513062596321106,0.12323886156082153,0.02892833948135376,0.06398409605026245,0.08240225911140442,0.10499227046966553,0.11700007319450378,0.12400990724563599,0.14357730746269226,0.14048755168914795
1,0.0,0.0,0.035397887229919434,-0.04744362831115723,0.08401501178741455,-0.08964818716049194,0.11564964056015015,-0.12233829498291016,0.13965445756912231,-0.1559736728668213,0.07347238063812256,-0.048921942710876465,0.1356843113899231,0.00015735626220703125,0.1752835512161255,0.028569519519805908,0.2054927945137024,0.05440491437911987,0.0585189163684845,0.003025829792022705,0.13436073064804077,0.04950284957885742,0.18176454305648804,0.0792609453201294,0.21628719568252563,0.10347861051559448,0.04766938090324402,0.05087912082672119,0.12034791707992554,0.08825021982192993,0.16582942008972168,0.11271870136260986,0.19857197999954224,0.13061589002609253,0.04239824414253235,0.08943843841552734,0.09785321354866028,0.11614954471588135,0.131705641746521,0.13134557008743286,0.1584663987159729,0.14448195695877075
1,0.0,0.0,0.036574602127075195,-0.04867422580718994,0.08280682563781738,-0.0876888632774353,0.11388984322547913,-0.11739218235015869,0.13913217186927795,-0.14761614799499512,0.07223880290985107,-0.05132824182510376,0.13681671023368835,-0.0006107687950134277,0.17630913853645325,0.02945411205291748,0.20619764924049377,0.05611306428909302,0.057350337505340576,0.002553105354309082,0.1337965428829193,0.0489044189453125,0.18144556879997253,0.07966989278793335,0.21599295735359192,0.10400980710983276,0.046558648347854614,0.05080467462539673,0.12048265337944031,0.08845847845077515,0.1658172309398651,0.11341619491577148,0.1985606849193573,0.1308644413948059,0.04189291596412659,0.08698922395706177,0.09742692112922668,0.115581214427948,0.13155916333198547,0.13249623775482178,0.15831276774406433,0.14624810218811035
1,0.0,0.0,0.03341013193130493,-0.05146855115890503,0.0817025899887085,-0.09407287836074829,0.11192899942398071,-0.12855613231658936,0.13245874643325806,-0.16643351316452026,0.06641340255737305,-0.057442665100097656,0.12634336948394775,-0.008640766143798828,0.1648682951927185,0.01925647258758545,0.19533699750900269,0.04419875144958496,0.05288049578666687,-0.0037112832069396973,0.12671726942062378,0.04240882396697998,0.17329347133636475,0.07060098648071289,0.2087727189064026,0.0932314395904541,0.04423624277114868,0.04395502805709839,0.11438065767288208,0.0815119743347168,0.1580042839050293,0.10634839534759521,0.19050228595733643,0.12420058250427246,0.0412009060382843,0.08223849534988403,0.09549954533576965,0.1094963550567627,0.1270241141319275,0.1254652738571167,0.15214622020721436,0.1381831169128418
1,0.0,0.0,0.027599245309829712,-0.049610137939453125,0.06754297018051147,-0.09120738506317139,0.09257519245147705,-0.12804895639419556,0.10885483026504517,-0.1671288013458252,0.052241891622543335,-0.049608469009399414,0.11433735489845276,-0.010448098182678223,0.15205127000808716,0.012919366359710693,0.18177646398544312,0.032669246196746826,0.04040178656578064,0.0032811760902404785,0.11545363068580627,0.04211312532424927,0.1619909405708313,0.06568104028701782,0.19682633876800537,0.08379209041595459,0.034543395042419434,0.04774463176727295,0.10565817356109619,0.08170974254608154,0.1498737931251526,0.10166126489639282,0.18282955884933472,0.11523580551147461,0.03434637188911438,0.0815393328666687,0.08888232707977295,0.1088370680809021,0.12101924419403076,0.12492090463638306,0.14717215299606323,0.1355971097946167
1,0.0,0.0,0.018956482410430908,-0.04053610563278198,0.03992319107055664,-0.08069515228271484,0.046202272176742554,-0.11700522899627686,0.04620721936225891,-0.1529814600944519,0.011393636465072632,-0.05013608932495117,0.04541671276092529,-0.01517951488494873,0.07158812880516052,0.0003546476364135742,0.09422093629837036,0.014890432357788086,0.00035202503204345703,-0.006884872913360596,0.04811170697212219,0.024953901767730713,0.08246833086013794,0.042505502700805664,0.11035922169685364,0.055955708026885986,-0.003604501485824585,0.028804123401641846,0.040667444467544556,0.05721229314804077,0.0714728832244873,0.0750475525856018,0.09611538052558899,0.0864148736000061,-0.002619504928588867,0.055621564388275146,0.02852568030357361,0.08144152164459229,0.050954341888427734,0.09301239252090454,0.0709657371044159,0.09843045473098755
1,0.0,0.0,0.024624615907669067,-0.049583256244659424,0.05536353588104248,-0.09081476926803589,0.0729895532131195,-0.12783342599868774,0.08121556043624878,-0.1628134846687317,0.040511131286621094,-0.05658525228500366,0.085532546043396,-0.027819693088531494,0.1147013008594513,-0.010104954242706299,0.13791155815124512,0.003795802593231201,0.030193626880645752,-0.013457179069519043,0.08583781123161316,0.014805316925048828,0.12155362963676453,0.032837092876434326,0.14917486906051636,0.04669380187988281,0.026644796133041382,0.023968875408172607,0.07977107167243958,0.04988163709640503,0.11295664310455322,0.06502562761306763,0.13804829120635986,0.07481837272644043,0.028870344161987305,0.053598225116729736,0.07076433300971985,0.07377815246582031,0.09658735990524292,0.08466368913650513,0.1173628568649292,0.09092515707015991
1,0.0,0.0,0.020519405603408813,-0.04903459548950195,0.04664483666419983,-0.08746850490570068,0.06343811750411987,-0.11798954010009766,0.07350841164588928,-0.14927786588668823,0.026855438947677612,-0.05038505792617798,0.07469737529754639,-0.01784229278564453,0.105375736951828,-0.0003247857093811035,0.12994053959846497,0.01568317413330078,0.017713874578475952,-0.003359854221343994,0.07815611362457275,0.025100886821746826,0.11644735932350159,0.0422816276550293,0.14440259337425232,0.057495057582855225,0.015784472227096558,0.03453552722930908,0.07098260521888733,0.05834388732910156,0.10614821314811707,0.0732419490814209,0.13231435418128967,0.08475321531295776,0.019828200340270996,0.06368255615234375,0.0602802038192749,0.08298987150192261,0.08533346652984619,0.09366410970687866,0.10592791438102722,0.10129529237747192
1,0.0,0.0,0.021993815898895264,-0.04805111885070801,0.051847636699676514,-0.08514547348022461,0.07161429524421692,-0.11322683095932007,0.08223223686218262,-0.1425432562828064,0.038149476051330566,-0.046739816665649414,0.08630412817001343,-0.013655006885528564,0.11656010150909424,0.0046263933181762695,0.14120763540267944,0.020896553993225098,0.02867850661277771,-0.0025600194931030273,0.08750882744789124,0.027801334857940674,0.12526708841323853,0.046532392501831055,0.15385198593139648,0.06267285346984863,0.024895131587982178,0.03313446044921875,0.07989251613616943,0.058661818504333496,0.11534696817398071,0.07579243183135986,0.14209312200546265,0.08942794799804688,0.0268174409866333,0.06059759855270386,0.06881913542747498,0.08079427480697632,0.094218909740448,0.09294211864471436,0.11538344621658325,0.1024656891822815
1,0.0,0.0,0.02026626467704773,-0.048485755920410156,0.049738168716430664,-0.08603477478027344,0.07024294137954712,-0.11347949504852295,0.08424362540245056,-0.1385614275932312,0.039991021156311035,-0.03953474760055542,0.09068351984024048,-0.005483686923980713,0.12138968706130981,0.014007508754730225,0.1456683874130249,0.03159940242767334,0.03132542967796326,0.004900574684143066,0.09299349784851074,0.037336111068725586,0.13186591863632202,0.05696648359298706,0.1605798602104187,0.07359981536865234,0.027730971574783325,0.039803147315979004,0.08575642108917236,0.06856757402420044,0.12165063619613647,0.08613216876983643,0.14793026447296143,0.10002076625823975,0.029366880655288696,0.06545913219451904,0.07213196158409119,0.08799946308135986,0.09854233264923096,0.10136789083480835,0.1198350191116333,0.11168915033340454
1,0.0,0.0,0.022625237703323364,-0.05004912614822388,0.05421793460845947,-0.08751541376113892,0.07485145330429077,-0.1139836311340332,0.08979731798171997,-0.14030569791793823,0.0531577467918396,-0.04248398542404175,0.1086624264717102,-0.0064054131507873535,0.14262789487838745,0.01116335391998291,0.16880398988723755,0.026008009910583496,0.046118855476379395,0.002802252769470215,0.11034473776817322,0.03411155939102173,0.15147429704666138,0.05241519212722778,0.182375967502594,0.0674513578414917,0.043108195066452026,0.0389445424079895,0.10362091660499573,0.06526219844818115,0.14188534021377563,0.08129715919494629,0.1708536148071289,0.09433108568191528,0.04445144534111023,0.06465446949005127,0.08941957354545593,0.08578228950500488,0.1173536479473114,0.09810161590576172,0.14053505659103394,0.10804426670074463
1,0.0,0.0,0.023952960968017578,-0.05222201347351074,0.0549599826335907,-0.09141933917999268,0.07648816704750061,-0.11930996179580688,0.09054800868034363,-0.1445753574371338,0.05065533518791199,-0.0427858829498291,0.10983690619468689,-0.009673237800598145,0.14510220289230347,0.007871806621551514,0.17165523767471313,0.022138655185699463,0.045569926500320435,0.004506826400756836,0.11406707763671875,0.031161010265350342,0.1563289761543274,0.04804587364196777,0.18685179948806763,0.06159740686416626,0.04467761516571045,0.04152625799179077,0.10738745331764221,0.06208270788192749,0.14646059274673462,0.07601648569107056,0.17533880472183228,0.08660221099853516,0.04809418320655823,0.06770908832550049,0.09491395950317383,0.08519232273101807,0.12291711568832397,0.0957750678062439,0.14549338817596436,0.10333454608917236
1,0.0,0.0,0.022623658180236816,-0.05009567737579346,0.054420411586761475,-0.08592617511749268,0.0755559504032135,-0.11196339130401611,0.08988788723945618,-0.13956952095031738,0.054878443479537964,-0.04044032096862793,0.11241242289543152,-0.0067397356033325195,0.14660793542861938,0.009992361068725586,0.17264384031295776,0.024692535400390625,0.048791706562042236,0.004886806011199951,0.11482912302017212,0.034345924854278564,0.1558903455734253,0.05110287666320801,0.18602484464645386,0.06552046537399292,0.045964598655700684,0.041195809841156006,0.10786393284797668,0.0653340220451355,0.1459236741065979,0.07967144250869751,0.17398673295974731,0.09221673011779785,0.046968281269073486,0.06689107418060303,0.09307381510734558,0.08577442169189453,0.12120389938354492,0.095791757106781,0.14394962787628174,0.10420560836791992
1,0.0,0.0,0.021212488412857056,-0.050287723541259766,0.04872018098831177,-0.08730149269104004,0.06466099619865417,-0.11796420812606812,0.07396888732910156,-0.14992696046829224,0.033480674028396606,-0.04859471321105957,0.07934659719467163,-0.015557289123535156,0.11012250185012817,0.002033829689025879,0.13499069213867188,0.016659975051879883,0.02549809217453003,-0.0036136507987976074,0.08355826139450073,0.02732950448989868,0.12095838785171509,0.045400142669677734,0.14865726232528687,0.05963015556335449,0.024577975273132324,0.031691551208496094,0.07829558849334717,0.058411478996276855,0.11303925514221191,0.07404667139053345,0.13947999477386475,0.08454447984695435,0.02959039807319641,0.0577244758605957,0.06949853897094727,0.08005291223526001,0.09510782361030579,0.09189367294311523,0.11595577001571655,0.09886431694030762
1,0.0,0.0,0.02142089605331421,-0.05043405294418335,0.04493662714958191,-0.08719867467880249,0.057962238788604736,-0.11618977785110474,0.06698575615882874,-0.1458156704902649,0.02219456434249878,-0.04850435256958008,0.06802156567573547,-0.014322638511657715,0.09826448559761047,0.0018778443336486816,0.12287986278533936,0.015988588333129883,0.012957930564880371,-0.0026984214782714844,0.070244699716568,0.029857516288757324,0.10748350620269775,0.04693120718002319,0.13562941551208496,0.06117451190948486,0.011909455060958862,0.03251165151596069,0.06462356448173523,0.061101555824279785,0.09861177206039429,0.07679051160812378,0.12370669841766357,0.08751201629638672,0.017356276512145996,0.05811452865600586,0.05571970343589783,0.08153355121612549,0.08052638173103333,0.0940592885017395,0.10040932893753052,0.10226869583129883
1,0.0,0.0,0.012149035930633545,-0.04612421989440918,0.021564900875091553,-0.08304047584533691,0.026916027069091797,-0.11462152004241943,0.03135555982589722,-0.14738422632217407,-0.014874786138534546,-0.045091331005096436,0.022495806217193604,-0.014257490634918213,0.05231279134750366,0.004253387451171875,0.07645079493522644,0.019969403743743896,-0.025465399026870728,-0.0006380677223205566,0.025067180395126343,0.028708994388580322,0.061895519495010376,0.047170042991638184,0.0903174877166748,0.06221508979797363,-0.025407999753952026,0.033385634422302246,0.01922789216041565,0.059813737869262695,0.05268096923828125,0.07703834772109985,0.07822912931442261,0.09036082029342651,-0.018519937992095947,0.0582890510559082,0.01148146390914917,0.08129304647445679,0.03494352102279663,0.09435069561004639,0.055069923400878906,0.10440605878829956
1,0.0,0.0,0.013613075017929077,-0.039501726627349854,0.019867151975631714,-0.07539057731628418,0.02139154076576233,-0.1090933084487915,0.0194472074508667,-0.14295583963394165,-0.017746955156326294,-0.03874450922012329,0.012403786182403564,-0.007227122783660889,0.0382935106754303,0.010226070880889893,0.06024575233459473,0.025618672370910645,-0.030956745147705078,0.004234671592712402,0.012801766395568848,0.032337725162506104,0.04678806662559509,0.051445722579956055,0.07455193996429443,0.06782329082489014,-0.03264513611793518,0.03633987903594971,0.0069055259227752686,0.06236302852630615,0.039007604122161865,0.08092981576919556,0.06447237730026245,0.0953143835067749,-0.027512699365615845,0.059535861015319824,0.00038617849349975586,0.08244150876998901,0.02232980728149414,0.0966876745223999,0.04218408465385437,0.1082085371017456
1,0.0,0.0,0.03097844123840332,-0.0498163104057312,0.06801322102546692,-0.0754360556602478,0.09540316462516785,-0.09545403718948364,0.1111416220664978,-0.12241721153259277,0.06138420104980469,-0.0017203688621520996,0.10497736930847168,0.05374521017074585,0.13570570945739746,0.08642494678497314,0.1604028344154358,0.11172270774841309,0.04767373204231262,0.04239821434020996,0.10337209701538086,0.10016679763793945,0.14223891496658325,0.13307809829711914,0.17188256978988647,0.15907061100006104,0.04223889112472534,0.07319843769073486,0.0947919487953186,0.12498223781585693,0.13137948513031006,0.1554245948791504,0.15954279899597168,0.17929983139038086,0.04511478543281555,0.09082996845245361,0.08388349413871765,0.13281625509262085,0.11018484830856323,0.15750229358673096,0.13254767656326294,0.17639386653900146
1,0.0,0.0,0.025822997093200684,-0.05142712593078613,0.05781605839729309,-0.0826006531715393,0.08196952939033508,-0.10811233520507812,0.09590873122215271,-0.13722217082977295,0.05247265100479126,-0.013255655765533447,0.09470734000205994,0.03674882650375366,0.12308982014656067,0.06802141666412354,0.14600929617881775,0.09362351894378662,0.040302127599716187,0.03279542922973633,0.0944923460483551,0.08554607629776001,0.1308874785900116,0.11689811944961548,0.16006740927696228,0.14298546314239502,0.036894023418426514,0.06509244441986084,0.08904564380645752,0.11223459243774414,0.12439516186714172,0.13978976011276245,0.15306976437568665,0.16175007820129395,0.04191616177558899,0.0841064453125,0.08053120970726013,0.12200897932052612,0.10632243752479553,0.14389437437057495,0.12868055701255798,0.16018825769424438
1,0.0,0.0,0.016490399837493896,-0.04189741611480713,0.04328882694244385,-0.07094663381576538,0.06080088019371033,-0.09772974252700806,0.07301634550094604,-0.13097304105758667,0.0382104218006134,-0.0158424973487854,0.08143258094787598,0.02989363670349121,0.10941106081008911,0.05481851100921631,0.1325695514678955,0.07626897096633911,0.02774229645729065,0.02707052230834961,0.0837450623512268,0.07321006059646606,0.11948472261428833,0.10069549083709717,0.14672952890396118,0.12380129098892212,0.023752272129058838,0.05713069438934326,0.0774058997631073,0.09697198867797852,0.11081051826477051,0.12182021141052246,0.13491493463516235,0.14137083292007446,0.025856196880340576,0.07583767175674438,0.06658664345741272,0.10772812366485596,0.09071475267410278,0.12807124853134155,0.10920184850692749,0.14378035068511963
1,0.0,0.0,0.02144855260848999,-0.04172128438949585,0.05322408676147461,-0.07391947507858276,0.07121697068214417,-0.10505807399749756,0.08018875122070312,-0.14061284065246582,0.04219970107078552,-0.024752497673034668,0.08609431982040405,0.02031773328781128,0.11348766088485718,0.04306471347808838,0.13597160577774048,0.0629129409790039,0.03152593970298767,0.017768919467926025,0.08869332075119019,0.061752915382385254,0.12388259172439575,0.08739328384399414,0.1507766842842102,0.10915559530258179,0.027224600315093994,0.0475996732711792,0.08102229237556458,0.08530205488204956,0.11416655778884888,0.10993123054504395,0.1385335922241211,0.12918591499328613,0.028413385152816772,0.06558680534362793,0.06696823239326477,0.09686428308486938,0.090232253074646,0.11627894639968872,0.10890674591064453,0.13030260801315308
1,0.0,0.0,0.022576063871383667,-0.04038172960281372,0.050887346267700195,-0.07156473398208618,0.07052230834960938,-0.10475713014602661,0.08124259114265442,-0.13984960317611694,0.03990486264228821,-0.025674402713775635,0.0790795385837555,0.011735677719116211,0.1055150032043457,0.036002278327941895,0.12697362899780273,0.05673795938491821,0.027443408966064453,0.013136506080627441,0.07743072509765625,0.057967960834503174,0.11205196380615234,0.08489006757736206,0.1385480761528015,0.10674279928207397,0.02174815535545349,0.0434383749961853,0.06918513774871826,0.0861213207244873,0.10203790664672852,0.11177903413772583,0.12774956226348877,0.1315348744392395,0.023148417472839355,0.06413859128952026,0.05774286389350891,0.09916514158248901,0.0816684365272522,0.11999589204788208,0.1017356812953949,0.1355918049812317
1,0.0,0.0,0.029011309146881104,-0.04286092519760132,0.06415396928787231,-0.07181781530380249,0.08767816424369812,-0.10128384828567505,0.10263213515281677,-0.13451093435287476,0.04473412036895752,-0.03045809268951416,0.08339938521385193,0.015443384647369385,0.10936763882637024,0.04325789213180542,0.12970700860023499,0.06748092174530029,0.028440237045288086,0.010648608207702637,0.07950621843338013,0.061203837394714355,0.11269089579582214,0.08994400501251221,0.13741597533226013,0.11347377300262451,0.019936412572860718,0.04393565654754639,0.06788641214370728,0.08957290649414062,0.1000232994556427,0.11604577302932739,0.12479355931282043,0.1361563801765442,0.018261224031448364,0.06960833072662354,0.05229106545448303,0.10646331310272217,0.07543209195137024,0.1262109875679016,0.09518906474113464,0.1400904655456543
1,0.0,0.0,0.03308999538421631,-0.0419345498085022,0.0721636712551117,-0.06994134187698364,0.09700098633766174,-0.09521698951721191,0.11426231265068054,-0.12269061803817749,0.05400240421295166,-0.0353885293006897,0.09196501970291138,0.014032065868377686,0.11773386597633362,0.04253506660461426,0.1377684772014618,0.06679463386535645,0.03576204180717468,0.007501840591430664,0.085904061794281,0.05786311626434326,0.11875900626182556,0.08782684803009033,0.14401742815971375,0.1114187240600586,0.024343132972717285,0.043031275272369385,0.0725104808807373,0.08711910247802734,0.10378047823905945,0.11450409889221191,0.12814471125602722,0.13477832078933716,0.020144373178482056,0.07041078805923462,0.05558893084526062,0.10544019937515259,0.0781315267086029,0.12586241960525513,0.09741279482841492,0.1420137882232666
1,0.0,0.0,0.03383633494377136,-0.04163080453872681,0.07524251937866211,-0.06974631547927856,0.10243791341781616,-0.09358805418014526,0.12141412496566772,-0.1194642186164856,0.060023993253707886,-0.034107863903045654,0.09840965270996094,0.017689526081085205,0.12379240989685059,0.04701155424118042,0.14380306005477905,0.0725703239440918,0.04134175181388855,0.008151054382324219,0.09162488579750061,0.06000864505767822,0.12471580505371094,0.09075361490249634,0.15021276473999023,0.11592310667037964,0.0283949077129364,0.043228089809417725,0.07769554853439331,0.08821171522140503,0.10926532745361328,0.11649012565612793,0.13351577520370483,0.1382954716682434,0.022259682416915894,0.07028067111968994,0.058700621128082275,0.10519802570343018,0.08205905556678772,0.12641030550003052,0.10192054510116577,0.14408868551254272
3,0.0,0.0,-0.006934255361557007,-0.07899361848831177,-0.04222601652145386,-0.12337654829025269,-0.0794115960597992,-0.1427677869796753,-0.10799875855445862,-0.16223633289337158,-0.08641919493675232,-0.12000781297683716,-0.13641929626464844,-0.13352125883102417,-0.16023153066635132,-0.14405906200408936,-0.17617812752723694,-0.15405023097991943,-0.09500530362129211,-0.10130119323730469,-0.15280815958976746,-0.11898154020309448,-0.19096404314041138,-0.1417776346206665,-0.2209138125181198,-0.16125130653381348,-0.09614640474319458,-0.077140212059021,-0.15125834941864014,-0.09710109233856201,-0.18457823991775513,-0.1183314323425293,-0.20916648209095,-0.13814777135849,-0.09097370505332947,-0.04917168617248535,-0.13104382157325745,-0.06609070301055908,-0.15579372644424438,-0.08210492134094238,-0.17567187547683716,-0.09723752737045288
3,0.0,0.0,-0.007038623094558716,-0.05281651020050049,-0.043244630098342896,-0.09045851230621338,-0.07664039731025696,-0.10385197401046753,-0.10113587975502014,-0.11758303642272949,-0.10171768069267273,-0.0628669261932373,-0.1502840220928192,-0.07400703430175781,-0.18403932452201843,-0.08942830562591553,-0.21044990420341492,-0.10289490222930908,-0.10719403624534607,-0.044895946979522705,-0.1578751802444458,-0.062133848667144775,-0.19323334097862244,-0.07824093103408813,-0.2222035676240921,-0.09428972005844116,-0.1053009033203125,-0.023885250091552734,-0.15440523624420166,-0.04222136735916138,-0.18865498900413513,-0.0545312762260437,-0.21642710268497467,-0.06841564178466797,-0.09799522161483765,0.0028836727142333984,-0.1338643729686737,-0.013157963752746582,-0.15865066647529602,-0.026098251342773438,-0.1800384223461151,-0.03830808401107788
3,0.0,0.0,-0.016170650720596313,-0.06891995668411255,-0.05318906903266907,-0.10266757011413574,-0.08621051907539368,-0.11612755060195923,-0.11449047923088074,-0.13272178173065186,-0.11428132653236389,-0.07736140489578247,-0.16452860832214355,-0.08953315019607544,-0.19400039315223694,-0.10426986217498779,-0.21919159591197968,-0.11705631017684937,-0.11872240900993347,-0.0607488751411438,-0.17201539874076843,-0.0762675404548645,-0.20569153130054474,-0.09305566549301147,-0.23355309665203094,-0.10904467105865479,-0.11535575985908508,-0.04063504934310913,-0.16642627120018005,-0.05657637119293213,-0.1981666386127472,-0.06974142789840698,-0.22304144501686096,-0.08245712518692017,-0.1043778657913208,-0.01644587516784668,-0.14304164052009583,-0.02797609567642212,-0.1682586967945099,-0.03835952281951904,-0.18930739164352417,-0.04753810167312622
3,0.0,0.0,-0.018105000257492065,-0.07576960325241089,-0.06058809161186218,-0.11628633737564087,-0.09691554307937622,-0.13480144739151,-0.12520554661750793,-0.15765726566314697,-0.11008447408676147,-0.08705610036849976,-0.16019147634506226,-0.09996843338012695,-0.19136056303977966,-0.11476147174835205,-0.21846434473991394,-0.12816113233566284,-0.11264261603355408,-0.06914907693862915,-0.16501384973526,-0.0840347409248352,-0.2014864683151245,-0.10045427083969116,-0.23272578418254852,-0.11654305458068848,-0.10690751671791077,-0.046054184436798096,-0.1580565869808197,-0.061438143253326416,-0.19339394569396973,-0.07388144731521606,-0.22291727364063263,-0.08744281530380249,-0.09367480874061584,-0.018124401569366455,-0.1341378390789032,-0.025931477546691895,-0.16213458776474,-0.03648465871810913,-0.18600669503211975,-0.04779970645904541
3,0.0,0.0,-0.01709112524986267,-0.076862633228302,-0.05662280321121216,-0.11918950080871582,-0.09137031435966492,-0.13918697834014893,-0.1191490888595581,-0.1633729338645935,-0.1116781234741211,-0.09103363752365112,-0.16269588470458984,-0.10320013761520386,-0.1925366222858429,-0.11779236793518066,-0.21840961277484894,-0.1312713623046875,-0.11338892579078674,-0.07181191444396973,-0.16630545258522034,-0.08744502067565918,-0.2010159194469452,-0.10459035634994507,-0.23043560981750488,-0.12145757675170898,-0.10659646987915039,-0.04750204086303711,-0.15818709135055542,-0.06251639127731323,-0.19252854585647583,-0.07459825277328491,-0.22091051936149597,-0.08910852670669556,-0.09241682291030884,-0.018509328365325928,-0.13220453262329102,-0.026433944702148438,-0.1587240993976593,-0.03645193576812744,-0.18174174427986145,-0.04771411418914795
3,0.0,0.0,-0.009633183479309082,-0.07078361511230469,-0.045519888401031494,-0.11658662557601929,-0.0813266932964325,-0.133644700050354,-0.10734784603118896,-0.1507052183151245,-0.09644067287445068,-0.09815508127212524,-0.14475759863853455,-0.1159292459487915,-0.17417773604393005,-0.13519752025604248,-0.19771957397460938,-0.1526191234588623,-0.10317066311836243,-0.07880538702011108,-0.15242400765419006,-0.10189169645309448,-0.18611618876457214,-0.1233169436454773,-0.21364650130271912,-0.14438682794570923,-0.10327938199043274,-0.05488324165344238,-0.15016773343086243,-0.0811237096786499,-0.18255048990249634,-0.09860795736312866,-0.20820218324661255,-0.11583638191223145,-0.09748426079750061,-0.02539294958114624,-0.13266417384147644,-0.045539140701293945,-0.15576142072677612,-0.061011552810668945,-0.17500266432762146,-0.07520866394042969
3,0.0,0.0,-0.004586517810821533,-0.06713491678237915,-0.039438486099243164,-0.11030519008636475,-0.07489711046218872,-0.127849280834198,-0.10321173071861267,-0.14108407497406006,-0.0964217483997345,-0.09366714954376221,-0.14518016576766968,-0.11035043001174927,-0.17783701419830322,-0.13094592094421387,-0.20312605798244476,-0.1483173966407776,-0.10211426019668579,-0.07565611600875854,-0.15311110019683838,-0.09770309925079346,-0.1889171302318573,-0.11973416805267334,-0.21784336864948273,-0.13908547163009644,-0.10028919577598572,-0.05299711227416992,-0.1498779058456421,-0.07662928104400635,-0.18449321389198303,-0.09605127573013306,-0.21161700785160065,-0.11462730169296265,-0.09372413158416748,-0.025107145309448242,-0.12829768657684326,-0.045950233936309814,-0.15210261940956116,-0.06326848268508911,-0.17212235927581787,-0.07911646366119385
3,0.0,0.0,-0.00855603814125061,-0.06180459260940552,-0.044834524393081665,-0.10065430402755737,-0.07855331897735596,-0.11446303129196167,-0.10461223125457764,-0.12908786535263062,-0.1021287739276886,-0.07938241958618164,-0.14941981434822083,-0.09858322143554688,-0.17969337105751038,-0.12117254734039307,-0.20369045436382294,-0.14047378301620483,-0.10772275924682617,-0.06215697526931763,-0.1573399305343628,-0.08687102794647217,-0.190776526927948,-0.11061722040176392,-0.21886196732521057,-0.1338215470314026,-0.10589790344238281,-0.041600584983825684,-0.15406492352485657,-0.06832695007324219,-0.18654555082321167,-0.08721083402633667,-0.2132180631160736,-0.10654228925704956,-0.09811455011367798,-0.01559758186340332,-0.13410398364067078,-0.034705162048339844,-0.15767911076545715,-0.052185237407684326,-0.17732244729995728,-0.06889849901199341
3,0.0,0.0,-0.015805333852767944,-0.05559009313583374,-0.05144736170768738,-0.08044600486755371,-0.07319146394729614,-0.09599322080612183,-0.09317126870155334,-0.11471158266067505,-0.11690869927406311,-0.06038212776184082,-0.16076061129570007,-0.07382893562316895,-0.18890833854675293,-0.08861148357391357,-0.21264225244522095,-0.10085445642471313,-0.1206478476524353,-0.049516499042510986,-0.1685636043548584,-0.06433761119842529,-0.20057465136051178,-0.08168917894363403,-0.22774656116962433,-0.09797841310501099,-0.11866685748100281,-0.03469055891036987,-0.16662892699241638,-0.04959428310394287,-0.19614671170711517,-0.0648384690284729,-0.22160495817661285,-0.07943099737167358,-0.10964614152908325,-0.01562035083770752,-0.15064966678619385,-0.025126338005065918,-0.1759137213230133,-0.03853332996368408,-0.19656261801719666,-0.05235946178436279
3,0.0,0.0,-0.011173367500305176,-0.05573868751525879,-0.046218812465667725,-0.08389675617218018,-0.06930282711982727,-0.09912943840026855,-0.0893753170967102,-0.11911839246749878,-0.11058032512664795,-0.06367671489715576,-0.1538451910018921,-0.07554686069488525,-0.18280580639839172,-0.08926218748092651,-0.20777809619903564,-0.09969151020050049,-0.11565801501274109,-0.04981732368469238,-0.1626400351524353,-0.06304937601089478,-0.19562044739723206,-0.07747626304626465,-0.2241760492324829,-0.09048926830291748,-0.11557352542877197,-0.03244578838348389,-0.1618252694606781,-0.04835093021392822,-0.19173070788383484,-0.061276793479919434,-0.2180643379688263,-0.07317781448364258,-0.10854452848434448,-0.010751426219940186,-0.148217111825943,-0.021458745002746582,-0.17286178469657898,-0.03415048122406006,-0.19265535473823547,-0.045769333839416504
3,0.0,0.0,-0.016818612813949585,-0.067466139793396,-0.05313378572463989,-0.09944868087768555,-0.0781727135181427,-0.11938351392745972,-0.10199129581451416,-0.14146727323532104,-0.12393805384635925,-0.07827192544937134,-0.16981348395347595,-0.08951890468597412,-0.19721290469169617,-0.10285580158233643,-0.22224611043930054,-0.11388164758682251,-0.12831300497055054,-0.06271690130233765,-0.17866352200508118,-0.07629716396331787,-0.21113933622837067,-0.09017902612686157,-0.23975597321987152,-0.10188126564025879,-0.1256033480167389,-0.043298423290252686,-0.17538288235664368,-0.05621129274368286,-0.2037956714630127,-0.06861203908920288,-0.22818820178508759,-0.07969754934310913,-0.11566931009292603,-0.02019721269607544,-0.154639333486557,-0.027803003787994385,-0.17860153317451477,-0.039017677307128906,-0.1989133358001709,-0.04967218637466431
3,0.0,0.0,-0.01375553011894226,-0.06848746538162231,-0.04931986331939697,-0.09663021564483643,-0.07619243860244751,-0.10696011781692505,-0.0972588062286377,-0.11923927068710327,-0.1145477294921875,-0.08533567190170288,-0.16114541888237,-0.09568440914154053,-0.18858391046524048,-0.11028081178665161,-0.2128290832042694,-0.1229979395866394,-0.12049418687820435,-0.07113659381866455,-0.1695309579372406,-0.08362138271331787,-0.2014211118221283,-0.0998847484588623,-0.22936062514781952,-0.11481565237045288,-0.12115821242332458,-0.053522467613220215,-0.16840854287147522,-0.06786054372787476,-0.197096586227417,-0.08200210332870483,-0.2220725417137146,-0.09392541646957397,-0.114503413438797,-0.03236669301986694,-0.15422770380973816,-0.044658660888671875,-0.17639684677124023,-0.05794870853424072,-0.19478805363178253,-0.07018709182739258
3,0.0,0.0,-0.009768515825271606,-0.06567573547363281,-0.04468017816543579,-0.09857535362243652,-0.07541072368621826,-0.10635823011398315,-0.10090380907058716,-0.1104620099067688,-0.11435329914093018,-0.08507859706878662,-0.15921425819396973,-0.09076237678527832,-0.18709687888622284,-0.10261058807373047,-0.21111075580120087,-0.11424487829208374,-0.12032938003540039,-0.06939709186553955,-0.16805332899093628,-0.07845252752304077,-0.1983499377965927,-0.09234720468521118,-0.2251269817352295,-0.10718667507171631,-0.12096002697944641,-0.052141547203063965,-0.16827166080474854,-0.06270062923431396,-0.196965754032135,-0.07626038789749146,-0.22127629816532135,-0.08755654096603394,-0.11536437273025513,-0.03145790100097656,-0.1549651324748993,-0.04155838489532471,-0.17867985367774963,-0.0549243688583374,-0.19772717356681824,-0.06713616847991943
3,0.0,0.0,-0.007182568311691284,-0.06764966249465942,-0.03793260455131531,-0.10341447591781616,-0.0691218376159668,-0.11187523603439331,-0.09226685762405396,-0.11221307516098022,-0.10679131746292114,-0.09557586908340454,-0.151712566614151,-0.10081595182418823,-0.18104514479637146,-0.11024504899978638,-0.20578685402870178,-0.11984330415725708,-0.1142403781414032,-0.07693147659301758,-0.16363531351089478,-0.08417093753814697,-0.19550171494483948,-0.09592896699905396,-0.22308580577373505,-0.10904592275619507,-0.11541286110877991,-0.05764472484588623,-0.16359737515449524,-0.06569212675094604,-0.19364991784095764,-0.07841455936431885,-0.21822457015514374,-0.08885514736175537,-0.11040794849395752,-0.03502225875854492,-0.1474945843219757,-0.04452866315841675,-0.17017638683319092,-0.056725263595581055,-0.18848314881324768,-0.06785458326339722
3,0.0,0.0,0.0024681687355041504,-0.07827132940292358,-0.02983209490776062,-0.12130475044250488,-0.06470873951911926,-0.13147664070129395,-0.09336915612220764,-0.13369840383529663,-0.09281733632087708,-0.11780405044555664,-0.14170995354652405,-0.12522172927856445,-0.18015316128730774,-0.1422257423400879,-0.21152794361114502,-0.1546655297279358,-0.10103157162666321,-0.09997469186782837,-0.1515163779258728,-0.10398727655410767,-0.19412566721439362,-0.12345618009567261,-0.23157809674739838,-0.1367132067680359,-0.10397592186927795,-0.08214437961578369,-0.1553465723991394,-0.0902097225189209,-0.19281511008739471,-0.11041295528411865,-0.22306613624095917,-0.12383151054382324,-0.10285404324531555,-0.05914109945297241,-0.14397162199020386,-0.06936198472976685,-0.1725238561630249,-0.08793050050735474,-0.19533440470695496,-0.10126692056655884
3,0.0,0.0,-0.007911741733551025,-0.06305772066116333,-0.044816672801971436,-0.09601414203643799,-0.07285919785499573,-0.11101293563842773,-0.09539872407913208,-0.12882333993911743,-0.10280022025108337,-0.08661484718322754,-0.14702481031417847,-0.10815513134002686,-0.1741974949836731,-0.1304524540901184,-0.19715791940689087,-0.14987486600875854,-0.10861074924468994,-0.07405024766921997,-0.15497559309005737,-0.09749692678451538,-0.18533366918563843,-0.12030196189880371,-0.21105986833572388,-0.14225250482559204,-0.10920757055282593,-0.05711209774017334,-0.1539343297481537,-0.08179950714111328,-0.18302395939826965,-0.10070037841796875,-0.20811419188976288,-0.11871117353439331,-0.10280990600585938,-0.03553706407546997,-0.1398267149925232,-0.05466723442077637,-0.16263246536254883,-0.07225197553634644,-0.18133923411369324,-0.0875977873802185
3,0.0,0.0,-0.009990334510803223,-0.06615453958511353,-0.04675126075744629,-0.10041797161102295,-0.07387104630470276,-0.11574101448059082,-0.09634387493133545,-0.13578587770462036,-0.10198023915290833,-0.09055912494659424,-0.14482545852661133,-0.11233490705490112,-0.17174655199050903,-0.13574188947677612,-0.19405174255371094,-0.15624862909317017,-0.10809209942817688,-0.07727307081222534,-0.15348321199417114,-0.10023856163024902,-0.18333923816680908,-0.12532967329025269,-0.20846451818943024,-0.15052926540374756,-0.10861361026763916,-0.06040102243423462,-0.15253588557243347,-0.08502054214477539,-0.18048909306526184,-0.10543602705001831,-0.20436471700668335,-0.12542825937271118,-0.1017255187034607,-0.03927135467529297,-0.13874828815460205,-0.05722677707672119,-0.1610662341117859,-0.07475799322128296,-0.17871356010437012,-0.09098285436630249
3,0.0,0.0,-0.004605025053024292,-0.06181842088699341,-0.03977423906326294,-0.09894722700119019,-0.06740307807922363,-0.11942261457443237,-0.08952265977859497,-0.14372849464416504,-0.09376201033592224,-0.09077763557434082,-0.1345498263835907,-0.11858600378036499,-0.16030123829841614,-0.1444416642189026,-0.18179211020469666,-0.16634684801101685,-0.10057678818702698,-0.07817113399505615,-0.14274752140045166,-0.10837620496749878,-0.17269158363342285,-0.13571852445602417,-0.19769246876239777,-0.16045278310775757,-0.1020929217338562,-0.06048709154129028,-0.14284691214561462,-0.09294062852859497,-0.16966113448143005,-0.11569362878799438,-0.19240373373031616,-0.1373257040977478,-0.09757530689239502,-0.03694009780883789,-0.13107097148895264,-0.06189531087875366,-0.1514279544353485,-0.08182621002197266,-0.16792955994606018,-0.09999239444732666
3,0.0,0.0,-0.007607221603393555,-0.07284533977508545,-0.04146170616149902,-0.10975748300552368,-0.06999921798706055,-0.12496966123580933,-0.0912901759147644,-0.14138245582580566,-0.10049334168434143,-0.10299646854400635,-0.14467373490333557,-0.1199832558631897,-0.1718011498451233,-0.13830947875976562,-0.19474786520004272,-0.15375560522079468,-0.10676348209381104,-0.08924692869186401,-0.1553668975830078,-0.1079033613204956,-0.18749873340129852,-0.1283646821975708,-0.21451182663440704,-0.14719629287719727,-0.10778304934501648,-0.07149296998977661,-0.15426987409591675,-0.0923728346824646,-0.18395406007766724,-0.11084723472595215,-0.20830672979354858,-0.12709450721740723,-0.10214537382125854,-0.048764586448669434,-0.13876044750213623,-0.06801497936248779,-0.16020479798316956,-0.0839185118675232,-0.1780095398426056,-0.09781056642532349
3,0.0,0.0,-0.004961103200912476,-0.08167523145675659,-0.03830474615097046,-0.12503540515899658,-0.07122087478637695,-0.14198380708694458,-0.09767186641693115,-0.15885931253433228,-0.0992211103439331,-0.12601983547210693,-0.15039843320846558,-0.13891923427581787,-0.18317893147468567,-0.15585678815841675,-0.21010316908359528,-0.17042601108551025,-0.1073332130908966,-0.10932374000549316,-0.16154935956001282,-0.12483686208724976,-0.19778409600257874,-0.1452893614768982,-0.2284000664949417,-0.16246837377548218,-0.10949182510375977,-0.08923441171646118,-0.1602308750152588,-0.10753637552261353,-0.192666158080101,-0.12660562992095947,-0.21916067600250244,-0.1405482292175293,-0.10512924194335938,-0.06354069709777832,-0.14122533798217773,-0.0795106291770935,-0.16423830389976501,-0.09382224082946777,-0.1846032440662384,-0.10447323322296143
3,0.0,0.0,-0.005759179592132568,-0.07359319925308228,-0.03592517971992493,-0.1111307144165039,-0.06464147567749023,-0.12438493967056274,-0.08811691403388977,-0.13818514347076416,-0.10342451930046082,-0.10457682609558105,-0.15105533599853516,-0.11559736728668213,-0.1777494251728058,-0.13175910711288452,-0.20074768364429474,-0.14712411165237427,-0.11072319746017456,-0.088717520236969,-0.15999627113342285,-0.10443955659866333,-0.18954968452453613,-0.12296247482299805,-0.21530283987522125,-0.14046955108642578,-0.11232802271842957,-0.06933760643005371,-0.1602112352848053,-0.08726978302001953,-0.1879378855228424,-0.10471916198730469,-0.21111668646335602,-0.11964410543441772,-0.10772383213043213,-0.04515784978866577,-0.14535045623779297,-0.060794293880462646,-0.16708719730377197,-0.07570993900299072,-0.1851952075958252,-0.08888912200927734
3,0.0,0.0,-0.001154184341430664,-0.0786469578742981,-0.03070932626724243,-0.12639093399047852,-0.06261235475540161,-0.14236748218536377,-0.09045356512069702,-0.15252399444580078,-0.09176555275917053,-0.13021785020828247,-0.1431668996810913,-0.13642555475234985,-0.1758061945438385,-0.1468980312347412,-0.20314067602157593,-0.15727800130844116,-0.10203135013580322,-0.11128890514373779,-0.15794780850410461,-0.11958736181259155,-0.1948530226945877,-0.13561862707138062,-0.2253543734550476,-0.15059351921081543,-0.10722211003303528,-0.09086424112319946,-0.16090312600135803,-0.1031036376953125,-0.19392673671245575,-0.11815428733825684,-0.21934552490711212,-0.1302962303161621,-0.10685727000236511,-0.06452131271362305,-0.14744052290916443,-0.07607364654541016,-0.17199601233005524,-0.0871315598487854,-0.19208616018295288,-0.09640169143676758
3,0.0,0.0,-0.0021347403526306152,-0.08424979448318481,-0.03220301866531372,-0.13547641038894653,-0.06457188725471497,-0.15676236152648926,-0.09142133593559265,-0.17721354961395264,-0.09321457147598267,-0.14571446180343628,-0.14479389786720276,-0.16151666641235352,-0.17307913303375244,-0.17732840776443481,-0.19668595492839813,-0.19401615858078003,-0.10097125172615051,-0.12593168020248413,-0.15628084540367126,-0.1459503173828125,-0.187801793217659,-0.16540759801864624,-0.21463041007518768,-0.18517881631851196,-0.10319772362709045,-0.10308271646499634,-0.1544572412967682,-0.12453639507293701,-0.18340851366519928,-0.14302992820739746,-0.20774252712726593,-0.15864890813827515,-0.0999605655670166,-0.07483941316604614,-0.13864901661872864,-0.09117913246154785,-0.16031771898269653,-0.10491198301315308,-0.1796278953552246,-0.1180429458618164
3,0.0,0.0,-0.0033258795738220215,-0.08581405878067017,-0.03371858596801758,-0.13377797603607178,-0.06592968106269836,-0.15210413932800293,-0.09120446443557739,-0.17316317558288574,-0.09745809435844421,-0.13850080966949463,-0.14528849720954895,-0.15590286254882812,-0.17111736536026,-0.173691987991333,-0.19292381405830383,-0.19302082061767578,-0.10395064949989319,-0.11901557445526123,-0.15442293882369995,-0.1417785882949829,-0.1824348270893097,-0.16362112760543823,-0.20620723068714142,-0.1860208511352539,-0.10475888848304749,-0.09716004133224487,-0.15314283967018127,-0.11930835247039795,-0.1796921342611313,-0.13752061128616333,-0.2017475813627243,-0.15358418226242065,-0.09995144605636597,-0.07024705410003662,-0.1361117660999298,-0.08553659915924072,-0.15598544478416443,-0.09930354356765747,-0.1739063560962677,-0.11307424306869507
3,0.0,0.0,-0.010047286748886108,-0.08129513263702393,-0.043808311223983765,-0.12541335821151733,-0.07220539450645447,-0.14392399787902832,-0.09458357095718384,-0.1656736135482788,-0.1028066873550415,-0.11999475955963135,-0.14747944474220276,-0.14371877908706665,-0.17039376497268677,-0.16667097806930542,-0.18971489369869232,-0.18934929370880127,-0.10780748724937439,-0.10312914848327637,-0.15414956212043762,-0.1298409104347229,-0.18088993430137634,-0.15614837408065796,-0.20356442034244537,-0.18137812614440918,-0.10647645592689514,-0.08182889223098755,-0.15267297625541687,-0.10616403818130493,-0.17884260416030884,-0.12763160467147827,-0.19994835555553436,-0.14868628978729248,-0.09878131747245789,-0.05500686168670654,-0.13533255457878113,-0.07308632135391235,-0.15641552209854126,-0.09101343154907227,-0.17439088225364685,-0.10903072357177734
3,0.0,0.0,-0.0034332573413848877,-0.08697474002838135,-0.03534340858459473,-0.1355799436569214,-0.06928890943527222,-0.15511637926101685,-0.0944526195526123,-0.1757950782775879,-0.09107989072799683,-0.13456088304519653,-0.13941329717636108,-0.15723752975463867,-0.16423094272613525,-0.17910122871398926,-0.18427349627017975,-0.20044153928756714,-0.09936538338661194,-0.11579883098602295,-0.1501750349998474,-0.14340996742248535,-0.17805397510528564,-0.17043709754943848,-0.20178471505641937,-0.19552040100097656,-0.10149422287940979,-0.09363627433776855,-0.15203067660331726,-0.12104272842407227,-0.1789695769548416,-0.14423829317092896,-0.2015836089849472,-0.16427582502365112,-0.0971854031085968,-0.06671231985092163,-0.13431617617607117,-0.08811497688293457,-0.154850035905838,-0.10596460103988647,-0.17334657907485962,-0.12290000915527344
3,0.0,0.0,0.0010235607624053955,-0.08229637145996094,-0.024048715829849243,-0.1341259479522705,-0.05036720633506775,-0.159842848777771,-0.07153794169425964,-0.18855935335159302,-0.08624878525733948,-0.1445833444595337,-0.1273042857646942,-0.1778671145439148,-0.1481017768383026,-0.20408594608306885,-0.16694027185440063,-0.229628324508667,-0.09291979670524597,-0.1269618272781372,-0.13561871647834778,-0.16415005922317505,-0.15967926383018494,-0.194349467754364,-0.18031522631645203,-0.22290146350860596,-0.09416124224662781,-0.10377967357635498,-0.13608893752098083,-0.1393495798110962,-0.15939262509346008,-0.16542315483093262,-0.17855390906333923,-0.19033163785934448,-0.09069603681564331,-0.0740436315536499,-0.12394726276397705,-0.09781903028488159,-0.14266371726989746,-0.12030738592147827,-0.15891245007514954,-0.14263296127319336
3,0.0,0.0,0.00042754411697387695,-0.07774275541305542,-0.025790512561798096,-0.13056504726409912,-0.05923929810523987,-0.14991486072540283,-0.08781078457832336,-0.16056585311889648,-0.0715596079826355,-0.14195185899734497,-0.12052473425865173,-0.15505266189575195,-0.1534927785396576,-0.16609543561935425,-0.17820852994918823,-0.17401516437530518,-0.08525195717811584,-0.11887538433074951,-0.14162519574165344,-0.13452118635177612,-0.1830366998910904,-0.15465515851974487,-0.21533332765102386,-0.1676679253578186,-0.09225714206695557,-0.09357136487960815,-0.14833834767341614,-0.11351251602172852,-0.1833084523677826,-0.13386833667755127,-0.20727546513080597,-0.14661389589309692,-0.09332552552223206,-0.06282693147659302,-0.13432306051254272,-0.08466631174087524,-0.16065335273742676,-0.10310220718383789,-0.18109053373336792,-0.11650693416595459
3,0.0,0.0,-0.00047662854194641113,-0.08068239688873291,-0.02626931667327881,-0.12694990634918213,-0.052687108516693115,-0.14641928672790527,-0.07188382744789124,-0.1660369634628296,-0.09467500448226929,-0.1272648572921753,-0.13898447155952454,-0.1471952199935913,-0.1627260446548462,-0.1656574010848999,-0.18379415571689606,-0.18420344591140747,-0.10390082001686096,-0.10933440923690796,-0.15142610669136047,-0.13670992851257324,-0.17872774600982666,-0.1592780351638794,-0.2027321308851242,-0.1816399097442627,-0.10667628049850464,-0.0877428650856018,-0.15326514840126038,-0.11331802606582642,-0.17917293310165405,-0.1340007781982422,-0.20057594776153564,-0.15253376960754395,-0.10287848114967346,-0.06195789575576782,-0.13814952969551086,-0.08163821697235107,-0.15768727660179138,-0.09880763292312622,-0.17476582527160645,-0.11430168151855469
3,0.0,0.0,0.0014407634735107422,-0.08245038986206055,-0.02298876643180847,-0.12941724061965942,-0.04838988184928894,-0.15052682161331177,-0.06580817699432373,-0.16854757070541382,-0.09240111708641052,-0.12662076950073242,-0.13805612921714783,-0.14991194009780884,-0.162621408700943,-0.16970598697662354,-0.1850423514842987,-0.18914294242858887,-0.10066202282905579,-0.10843032598495483,-0.14797067642211914,-0.136272132396698,-0.176537424325943,-0.16033339500427246,-0.20196035504341125,-0.18332678079605103,-0.10263329744338989,-0.08586400747299194,-0.14898031949996948,-0.11269408464431763,-0.17639118432998657,-0.135792076587677,-0.19944730401039124,-0.15621346235275269,-0.0990942120552063,-0.05880916118621826,-0.1352822482585907,-0.08001989126205444,-0.15635761618614197,-0.09853148460388184,-0.17469611763954163,-0.11493456363677979
4,0.0,0.0,0.01958821713924408,-0.07906299829483032,0.03427773714065552,-0.13673412799835205,0.05447763204574585,-0.1549721360206604,0.06916177272796631,-0.13985568284988403,-0.023591265082359314,-0.1668582558631897,0.04040193557739258,-0.18130159378051758,0.06806901097297668,-0.1624709963798523,0.07371535897254944,-0.13964569568634033,-0.03369717299938202,-0.11747521162033081,0.06070706248283386,-0.11031246185302734,0.06205928325653076,-0.08517205715179443,0.0408037006855011,-0.07755553722381592,-0.029465794563293457,-0.0621066689491272,0.059832364320755005,-0.06269550323486328,0.05466240644454956,-0.05014592409133911,0.03429970145225525,-0.050122737884521484,-0.018046274781227112,-0.010874330997467041,0.05436006188392639,-0.02192676067352295,0.05193778872489929,-0.018048584461212158,0.034525066614151,-0.016227781772613525
4,0.0,0.0,0.019665241241455078,-0.07952988147735596,0.03690755367279053,-0.13854694366455078,0.05810737609863281,-0.15848910808563232,0.07411998510360718,-0.14796406030654907,-0.012157589197158813,-0.1743323802947998,0.06684374809265137,-0.1860513687133789,0.07507145404815674,-0.15835797786712646,0.06090348958969116,-0.140255868434906,-0.01830659806728363,-0.12262046337127686,0.07576858997344971,-0.12188798189163208,0.06638094782829285,-0.09757870435714722,0.041651204228401184,-0.09053325653076172,-0.013363808393478394,-0.0672992467880249,0.0747518241405487,-0.07292455434799194,0.061325520277023315,-0.05782580375671387,0.03813856840133667,-0.05679893493652344,-0.0036093145608901978,-0.016772449016571045,0.06637418270111084,-0.03287476301193237,0.05698564648628235,-0.024723708629608154,0.035537317395210266,-0.01935434341430664
4,0.0,0.0,0.015026912093162537,-0.07065087556838989,0.0431826114654541,-0.13446956872940063,0.07596831023693085,-0.1564217209815979,0.09465821087360382,-0.14860635995864868,0.0010520964860916138,-0.1546764373779297,0.061104461550712585,-0.17711079120635986,0.08160068094730377,-0.1675553321838379,0.08291171491146088,-0.15594696998596191,0.00042594969272613525,-0.10502296686172485,0.0873333066701889,-0.12240880727767944,0.08304513990879059,-0.10231822729110718,0.060001447796821594,-0.0923280119895935,0.008571624755859375,-0.055372774600982666,0.09095658361911774,-0.07875096797943115,0.08194153010845184,-0.06350463628768921,0.06071831285953522,-0.05540996789932251,0.02190832793712616,-0.009268343448638916,0.08881859481334686,-0.038059890270233154,0.08154357969760895,-0.03084564208984375,0.061674848198890686,-0.02242434024810791
